Symbol,Description,Price,Price - Currency,Price Change % 1 day,Volume 1 day,Relative Volume 1 day,Market capitalization,Market capitalization - Currency,Price to earnings ratio,"EPS diluted, Trailing 12 months","EPS diluted, Trailing 12 months - Currency","EPS diluted growth %, TTM YoY","Dividend yield %, Trailing 12 months",Sector,Analyst Rating
AAPL,Apple Inc.,245,USD,0.6738987508218222,45044695,0.8778758683185741,3703376694336,USD,40.36310318127152,6.0699,USD,-0.9755779238788207,0.406805,Electronic technology,Buy
NVDA,NVIDIA Corporation,149.43,USD,3.4332387346854074,265366853,1.4457637606094396,3659540520630,USD,58.86083428526412,2.5387,USD,235.18616318986005,0.0235343,Electronic technology,Strong buy
MSFT,Microsoft Corporation,427.85,USD,1.0629502775481279,20573293,1.0295616710493267,3181013821063,USD,35.31310096649857,12.1159,USD,17.332778105964493,0.72753,Technology services,Strong buy
GOOG,Alphabet Inc.,197.96,USD,2.500906125407763,19483323,1.1201023856526295,2415917734406,USD,26.25986602109173,7.5385,USD,44.529227937652166,0.310672,Technology services,Buy
GOOGL,Alphabet Inc.,196.87,USD,2.648730382188859,29563636,1.2663690028905168,2415917734406,USD,26.115274922066725,7.5385,USD,44.529227937652166,0.312842,Technology services,Buy
AMZN,"Amazon.com, Inc.",227.61,USD,1.5254917703733513,31849757,0.9668168912243771,2393321601447,USD,48.77949465292214,4.6661,USD,143.63512949039264,0,Retail trade,Strong buy
META,"Meta Platforms, Inc.",630.2,USD,4.229032631526727,14560111,1.1181257007910756,1590625292383,USD,29.678118156773177,21.2345,USD,87.43986512132903,0.330781,Technology services,Buy
TSLA,"Tesla, Inc.",411.05,USD,0.14862099210603585,85512608,0.9616503047024412,1319495047546,USD,112.60409818102127,3.6504,USD,17.54628884237642,0,Consumer durables,Neutral
AVGO,Broadcom Inc.,236.41,USD,1.6598580950333195,34027311,0.8597469560461841,1108137838967,USD,193.92174554999588,1.2191,USD,-62.98803813224847,0.933133,Electronic technology,Strong buy
BRK.B,Berkshire Hathaway Inc. New,451.41,USD,-0.4740276920363298,4072913,0.982977426200241,973143886167.9999,USD,9.118030839834047,49.5074,USD,40.804828172683386,0,Finance,Buy
WMT,Walmart Inc.,91.43,USD,0.7160167437761684,14519423,0.8528313781866912,734492505503,USD,37.54671266067103,2.4351,USD,21.27595995816525,0.914298,Retail trade,Strong buy
LLY,Eli Lilly and Company,765.1,USD,-2.1586229826849785,3991067,1.3336849889607758,726321398869.0001,USD,83.69523601159547,9.1415,USD,68.73707914943887,0.664979,Health technology,Buy
JPM,JP Morgan Chase & Co.,240.85,USD,-0.9988490628082896,9917836,1.0334385631819598,678074794954,USD,13.397898390694621,17.9767,USD,7.310768863419306,1.89083,Finance,Buy
V,Visa Inc.,313.04,USD,-0.593820456638406,6567336,0.9830522646744254,613882089846,USD,32.63076698563596,9.5934,USD,17.69310040239476,0.682735,Commercial services,Buy
XOM,Exxon Mobil Corporation,107.74,USD,-0.1112553309846139,15623575,1.022565895623983,473527496450.99994,USD,13.419190912714228,8.0288,USD,-20.183714248789656,3.56017,Energy minerals,Buy
UNH,UnitedHealth Group Incorporated,513.67,USD,0.13060428849901737,4444836,0.921661252752437,472722421556,USD,33.36732837915086,15.3944,USD,-33.188087529403596,1.59454,Health services,Strong buy
MA,Mastercard Incorporated,511.93,USD,-1.8087310112014743,2920787,1.1807818251286262,469865228416,USD,38.71394648880016,13.2234,USD,15.177381564163086,0.506368,Commercial services,Buy
ORCL,Oracle Corporation,165.69,USD,-0.37878787878787606,6845373,1.1329471581523611,463427655530,USD,40.546691464369616,4.0864,USD,13.015100392720838,0.962001,Technology services,Buy
COST,Costco Wholesale Corporation,922.71,USD,0.6687905038294525,1970405,0.9518902901881201,409589931243.99994,USD,54.182717151313014,17.0296,USD,16.132815963011197,0.490955,Retail trade,Buy
HD,"Home Depot, Inc. (The)",389.37,USD,0.04882059715298775,3274669,1.129651729217982,386785594552,USD,26.45464180889227,14.7184,USD,-5.558656887845124,2.31255,Retail trade,Buy
PG,Procter & Gamble Company (The),160.6,USD,-2.743293162962515,8731671,1.3032774468638826,378219719110,USD,27.69920662297344,5.798,USD,-5.738904243212482,2.39823,Consumer non-durables,Buy
NFLX,"Netflix, Inc.",881.79,USD,0.08399069292321765,3457653,1.283523443543795,376928294957,USD,49.89757808963331,17.672,USD,76.20899391763885,0,Technology services,Buy
BAC,Bank of America Corporation,45.4,USD,1.3166703860745286,30518458,1.1074522737345354,348348736220,USD,16.50368970155222,2.7509,USD,-22.902945545248162,2.23164,Finance,Buy
JNJ,Johnson & Johnson,143.66,USD,-0.3675705666134969,7910493,1.0782992923921293,345879135730.99994,USD,23.747024596667547,6.0496,USD,15.461398988453103,3.40523,Health technology,Buy
ABBV,AbbVie Inc.,180.1,USD,-0.618033329654566,6302081,1.1373193500074261,318261993379,USD,62.80951384529539,2.8674,USD,-21.520650299696204,3.42126,Health technology,Buy
CRM,"Salesforce, Inc.",330.53,USD,-0.7119255031541017,5785333,1.122297487158581,316317208832,USD,54.37779678862858,6.0784,USD,130.72309736192827,0.360469,Technology services,Buy
CVX,Chevron Corporation,147.26,USD,-0.3990530943523865,5888731,0.6161421337111479,264639674208.00003,USD,16.20788711931937,9.0857,USD,-32.44330433489479,4.40988,Energy minerals,Buy
KO,Coca-Cola Company (The),60.81,USD,-1.5222672064777292,17924221,1.2812163250622752,261957133884.99997,USD,25.25541988537254,2.4078,USD,-2.9308607135658216,3.1417,Consumer non-durables,Buy
MRK,"Merck & Company, Inc.",99.72,USD,0.585031268912647,10111142,1.1211940150481619,252255279298.99997,USD,20.885956644674835,4.7745,USD,165.2057990334944,3.14706,Health technology,Buy
TMUS,"T-Mobile US, Inc.",212.38,USD,-3.0715165898407273,5639652,1.73571344286525,246464143884,USD,24.200918445252228,8.7757,USD,36.04892719831329,1.29159,Communications,Buy
WFC,Wells Fargo & Company,72.03,USD,1.0096760622633556,15565647,1.197955314960954,239823212689,USD,14.975986028234608,4.8097,USD,3.652859790526275,2.10349,Finance,Buy
CSCO,"Cisco Systems, Inc.",58.77,USD,-0.15290519877675215,18543298,0.9100591327712141,234066707159.99997,USD,25.303539137173857,2.3226,USD,-29.881656804733726,2.70133,Electronic technology,Buy
NOW,"ServiceNow, Inc.",1077.05,USD,0.30546578876295416,850949,0.8387082212524645,221872310059.00003,USD,167.55079182352756,6.4282,USD,-16.845182655490014,0,Technology services,Buy
ACN,Accenture plc,351.33,USD,-0.7121661721068359,2356428,0.8617883966713216,219749851696,USD,29.45052181566704,11.9295,USD,10.550458715596335,1.51194,Technology services,Buy
AXP,American Express Company,301.88,USD,-0.3959350666490658,2713975,1.1810868222570683,212657825400,USD,22.2052225082751,13.595,USD,27.471847427590923,0.890854,Finance,Neutral
BX,Blackstone Inc.,174.79,USD,-0.6366892160764053,2203306,0.6079407054554203,211999927233,USD,60.088005775379,2.9089,USD,21.879582687392645,1.96123,Finance,Neutral
AMD,"Advanced Micro Devices, Inc.",129.55,USD,3.3341309723219323,48019982,1.325912644971048,210234700131,USD,115.8869308524913,1.1179,USD,781.6246056782334,0,Electronic technology,Buy
MCD,McDonald's Corporation,292.18,USD,-0.8820137051360222,2838933,1.0386667170584967,209381935758.00003,USD,25.64894877759733,11.3915,USD,0.36387024017199215,2.30002,Consumer services,Buy
MS,Morgan Stanley,128.64,USD,2.1438780371605435,6665362,1.2765857283130302,207243624329,USD,19.552529182879375,6.5792,USD,17.870899546733085,2.8188,Finance,Neutral
IBM,International Business Machines Corporation,222.67,USD,0.008982708286540225,2847128,0.7706455234356112,205890731987,USD,32.40863376366309,6.8707,USD,-8.83312987633353,2.99573,Technology services,Neutral
TMO,Thermo Fisher Scientific Inc,537.19,USD,0.971767978647433,1981838,1.3767520375963223,205475307084,USD,33.6882835086135,15.9459,USD,4.4933880289904495,0.293222,Health technology,Buy
DIS,Walt Disney Company (The),111.05,USD,-0.09895645915796998,6274385,0.9392938294143176,201104804684.00003,USD,40.88131350316595,2.7164,USD,111.11370171757211,0.854624,Consumer services,Buy
PEP,"PepsiCo, Inc.",146.27,USD,-2.2586034079518846,9470626,1.3738141608770464,200680838892.00003,USD,21.5594369518756,6.7845,USD,13.241086927493662,3.56164,Consumer non-durables,Buy
LIN,Linde plc,412.91,USD,-0.14268440145102176,2630831,1.1733193150354229,196610359386,USD,31.338514549401175,13.1758,USD,8.858521431640177,1.34462,Process industries,Buy
ABT,Abbott Laboratories,113.04,USD,-0.6940173943600035,6037209,1.3030441701357158,196062817418,USD,34.37642550862148,3.2883,USD,11.748113912866168,1.93271,Health technology,Buy
ISRG,"Intuitive Surgical, Inc.",542.37,USD,1.3217011180750888,1229214,0.9157399921047003,193181042955.99997,USD,87.17672586996706,6.2215,USD,46.51579021736571,0,Health technology,Buy
ADBE,Adobe Inc.,431.18,USD,0.14167266646538626,3994400,1.020737656214208,189805438039,USD,34.773421937627525,12.3997,USD,4.906174385353378,0,Technology services,Buy
PM,Philip Morris International Inc,121,USD,-0.8359285363055204,4993775,1.1201453033436992,188134838257,USD,19.193857965451055,6.3041,USD,22.512000310939236,4.34355,Consumer non-durables,Buy
GE,GE Aerospace,172.45,USD,0.28494998836937696,4980254,1.146175490310247,186641587566,USD,30.416071397075683,5.6697,USD,-35.05200696480939,0.651314,Producer manufacturing,Strong buy
GS,"Goldman Sachs Group, Inc. (The)",583.39,USD,0.5619430127729976,2257017,1.2369037567339367,183131854813,USD,17.120109871083418,34.0763,USD,64.88505663700546,1.98231,Finance,Buy
QCOM,QUALCOMM Incorporated,159.85,USD,1.2798580751441309,9599024,1.386730866506273,177593356781,USD,17.80582351237552,8.9774,USD,39.81093582096524,2.12254,Electronic technology,Buy
CAT,"Caterpillar, Inc.",364.2,USD,0.11270238324307105,1590975,0.8561600987500135,175836672837,USD,16.88816344700307,21.5654,USD,22.137897443448903,1.48987,Producer manufacturing,Neutral
TXN,Texas Instruments Incorporated,192.18,USD,0.8765944044932108,4682424,1.0298475220289776,175309782153,USD,35.701945048208216,5.3829,USD,-30.20913015856552,2.76101,Electronic technology,Neutral
INTU,Intuit Inc.,625.16,USD,-0.8044682100185725,1260872,0.9058306067051777,174992765770,USD,60.815595937585115,10.2796,USD,12.512587014579049,0.593434,Technology services,Buy
PLTR,Palantir Technologies Inc.,75.92,USD,-4.969332832644886,105618119,1.1494911226882933,172947356603,USD,384.40506329113924,0.1975,USD,205.25502318392586,0,Technology services,Neutral
DHR,Danaher Corporation,238.2,USD,1.4307613694430188,3674564,1.2990369052626107,172045937688,USD,45.4337376974136,5.2428,USD,-33.64216281895504,0.459888,Health technology,Buy
VZ,Verizon Communications Inc.,39.61,USD,-1.614505712866365,27115026,1.401316826210771,166743306842,USD,17.076956240569086,2.3195,USD,-53.25379390959108,6.6381,Communications,Buy
BKNG,Booking Holdings Inc. Common Stock,4909.79,USD,0.12112931676131203,278226,1.6072329120373499,162497916820,USD,33.31480923572152,147.3756,USD,2.6421854008060914,0.713725,Consumer services,Buy
T,AT&T Inc.,22.6,USD,-0.30877812086458,34416005,1.1168568959323726,162161535550,USD,18.37099658592099,1.2302,USD,,4.89634,Communications,Buy
BLK,"BlackRock, Inc.",1012.74,USD,-0.7924923836486029,616338,0.9401749688470884,156852092910,USD,24.991363057576326,40.5236,USD,13.652834337383194,1.99837,Finance,Buy
SPGI,S&P Global Inc.,494.19,USD,-1.0769261564945845,879278,0.736058035605909,153347151725.00003,USD,43.60205044952841,11.3341,USD,46.60776882381093,0.728627,Commercial services,Strong buy
PFE,"Pfizer, Inc.",26.89,USD,1.1282437006393409,43950924,1.0597637270877636,152385363943,USD,36.14733163059551,0.7439,USD,-59.13984400747007,6.31817,Health technology,Buy
RTX,RTX Corporation,114.1,USD,-1.5275740053508329,3832296,0.9243193813211301,151868964350.99997,USD,32.58789592437095,3.5013,USD,62.511023439313064,2.14033,Electronic technology,Buy
ANET,"Arista Networks, Inc.",118.98,USD,3.281250000000001,10098207,2.211883493648522,149886192094.99997,USD,57.116797081273106,2.0831,USD,38.66072022898223,0,Electronic technology,Buy
NEE,"NextEra Energy, Inc.",71.24,USD,-1.0418113626892624,7025967,0.8094165050754143,146498255109,USD,21.082536770145893,3.3791,USD,-10.638916803300361,2.86151,Utilities,Buy
AMAT,"Applied Materials, Inc.",177.48,USD,4.3631659414324275,8475462,1.4911025876494455,144412744895.00003,USD,20.61467698097428,8.6094,USD,6.126423746363613,0.893802,Producer manufacturing,Buy
HON,Honeywell International Inc.,221.74,USD,-2.1101889457884515,3829308,1.1889352778183844,144185856613,USD,25.606559270165718,8.6595,USD,7.355384195779911,1.92919,Electronic technology,Buy
CMCSA,Comcast Corporation,37.49,USD,-0.477833820015927,31417814,1.4302191043724495,143456993952,USD,10.102670511196745,3.7109,USD,2.9518657234013115,3.23865,Consumer services,Buy
LOW,"Lowe's Companies, Inc.",249.74,USD,0.5070830650354231,2573514,1.0908516132817063,141015700199,USD,20.836149141908408,11.9859,USD,-7.626681052753261,1.81101,Retail trade,Buy
PGR,Progressive Corporation (The),239.59,USD,-1.0857897778878687,2129668,0.9768254013830242,140354580755,USD,17.400177204525978,13.7694,USD,198.70490487450374,0.474775,Finance,Buy
UBER,"Uber Technologies, Inc.",66.31,USD,2.6629509211952294,32980649,1.7269230067785317,139629573802,USD,32.4524054226007,2.0433,USD,311.62369057211924,0,Transportation,Strong buy
UNP,Union Pacific Corporation,230.01,USD,-0.6436285097192264,2798779,1.2474008758345911,139445089388,USD,21.131302366602966,10.8848,USD,4.514815739442707,2.28078,Transportation,Buy
AMGN,Amgen Inc.,258.59,USD,-1.0068141796187322,4668535,1.2583958240709787,139000598545.99997,USD,33.11053918744158,7.8099,USD,-44.46253840027307,3.44537,Health technology,Buy
SYK,Stryker Corporation,361.36,USD,-0.04425757911041386,1269910,1.0948718516862523,137756132216,USD,38.743433043851184,9.327,USD,38.34173835657075,0.896216,Health technology,Buy
ETN,"Eaton Corporation, PLC",348.56,USD,1.7455776752875296,3157327,1.6406069107656316,137750915290,USD,37.069020525364245,9.403,USD,25.885266751455926,1.09755,Producer manufacturing,Buy
C,"Citigroup, Inc.",72.74,USD,2.4507042253521054,19199650,1.8409354277922438,137570595367,USD,21.007942238267148,3.4625,USD,-45.052765214631435,3.07042,Finance,Strong buy
SCHW,Charles Schwab Corporation (The),74.48,USD,0.04029550033579736,7435090,1.2864367998899022,136339802454.99998,USD,29.111944965603506,2.5584,USD,-14.83072006391691,1.34318,Finance,Buy
TJX,"TJX Companies, Inc. (The)",120.88,USD,0.12424418123083864,5963626,1.2457751910747101,135888210993.99998,USD,28.449716397185153,4.2489,USD,20.310907237512737,1.20724,Retail trade,Buy
BSX,Boston Scientific Corporation,91.29,USD,0.6615944426066915,4981432,1.0549940550808237,134545715162.00002,USD,75.50868486352357,1.209,USD,48.0891719745223,0,Health technology,Strong buy
KKR,KKR & Co. Inc.,150.74,USD,-0.8485167401170769,3392975,1.2438235439458964,133891635727.99998,USD,46.63407994060141,3.2324,USD,6.273014203051036,0.453858,Finance,Strong buy
COP,ConocoPhillips,99.99,USD,-1.0881392818280824,5935524,0.7245745670093928,129343274994.00002,USD,11.873322725437575,8.4214,USD,-8.010093176182725,3.08636,Energy minerals,Strong buy
BA,Boeing Company (The),170.78,USD,0.517951736315477,11133425,0.9737724367129804,127773500702.99998,USD,,-12.9064,USD,-175.30716723549486,0,Electronic technology,Buy
PANW,"Palo Alto Networks, Inc.",179.5,USD,-2.046384720327422,7109536,1.6137868063024625,117787902191,USD,46.788656031696384,3.8364,USD,334.9166761138193,0,Technology services,Buy
ADP,"Automatic Data Processing, Inc.",287.13,USD,-1.5633035071480001,1529209,1.0029891419128147,116993104322,USD,30.677265296964645,9.3597,USD,11.20391602409495,1.96784,Technology services,Neutral
FI,"Fiserv, Inc.",205.63,USD,-1.4095986958814775,1823730,0.8279634105847369,116986767850.99998,USD,39.66628086419753,5.184,USD,8.467767246249453,0,Finance,Buy
BMY,Bristol-Myers Squibb Company,56.68,USD,0.1944493547816854,9459644,0.8108193705797485,114957052333.00002,USD,,-3.5968,USD,-191.22451050015218,4.24253,Health technology,Neutral
GILD,"Gilead Sciences, Inc.",91.23,USD,-0.19691499835903362,6779637,1.1404457807252122,113696839425,USD,1028.5231116121759,0.0887,USD,-98.09795428228331,3.36943,Health technology,Buy
DE,Deere & Company,418,USD,-0.9994789446260307,1077951,1.0458050445409017,113518469910,USD,16.328443914920214,25.5995,USD,-26.115291258633285,1.42817,Producer manufacturing,Buy
MU,"Micron Technology, Inc.",99.26,USD,10.448425503505062,42901118,1.474150315630208,110592702692.99998,USD,28.66632010627852,3.4626,USD,,0.51185,Electronic technology,Buy
LMT,Lockheed Martin Corporation,466,USD,-3.283383836287409,1698586,1.47341158052409,110458432587,USD,16.866824476440737,27.6282,USD,0.9551719601853278,2.64622,Electronic technology,Buy
ADI,"Analog Devices, Inc.",218,USD,1.2211542926127108,2490969,0.9464826371469839,108192712097,USD,66.48571167159717,3.2789,USD,-49.867747114135,1.70869,Electronic technology,Buy
CB,Chubb Limited,267.31,USD,-1.6266146542523885,2587282,1.9644740024091984,107752123242.00002,USD,10.946086500741178,24.4206,USD,44.286296683623725,1.32116,Finance,Buy
NKE,"Nike, Inc.",72,USD,-1.786932205701817,14947026,1.0085001292621385,107171676773,USD,22.242817423540313,3.237,USD,-5.472491531363152,2.05975,Consumer non-durables,Buy
UPS,"United Parcel Service, Inc.",124.21,USD,0.33928427175053516,5049586,1.1714275646142245,105997048406,USD,18.78128071369169,6.6135,USD,-33.09966011167759,5.26698,Transportation,Buy
SBUX,Starbucks Corporation,93.13,USD,0.5940807949881153,8768050,0.8793603949268455,105590795433.00002,USD,28.16488235649912,3.3066,USD,-7.711630243657372,2.50594,Consumer services,Buy
VRTX,Vertex Pharmaceuticals Incorporated,402.49,USD,-1.1348284247500686,2176538,0.8529079106346805,103652964184,USD,,-1.9932,USD,-114.9598084616135,0,Health technology,Buy
MMC,"Marsh & McLennan Companies, Inc.",208.48,USD,-1.3205850333696314,1355672,0.855974960589422,102389012598.99998,USD,25.70907117841464,8.1092,USD,16.894424263391567,1.44365,Finance,Neutral
MDT,Medtronic plc.,79.84,USD,-1.3712168004941314,7886375,1.4108651487438424,102377681163.99998,USD,24.36597796563616,3.2767,USD,6.472786352558889,3.44657,Health technology,Buy
GEV,GE Vernova Inc.,371.32,USD,4.883766912408559,3419107,1.4379204124393594,102355456936,USD,,,,,0.0706155,Producer manufacturing,Buy
PLD,"Prologis, Inc.",106.66,USD,0.9751017703303997,4450283,0.8865327917287806,101255113335,USD,32.85687881214959,3.2462,USD,3.6826471621578447,3.63533,Finance,Buy
LRCX,Lam Research Corporation,77.98,USD,3.821062441752103,15164600,1.3883527362233727,100335705188,USD,25.232979549572875,3.0904,USD,5.047758251470134,1.14499,Producer manufacturing,Buy
CHTR,"Charter Communications, Inc.",349.55,USD,-2.4556997348960543,868366,0.9057759979572303,99409047451.99998,USD,10.947213479275302,31.9305,USD,4.2073932894491985,0,Consumer services,Neutral
APO,"Apollo Global Management, Inc. (New)",169.1,USD,0.023660238968408874,3233794,0.2697325292311848,95679568071,USD,17.795878849108625,9.5022,USD,99.95370565211901,1.07506,Finance,Buy
KLAC,KLA Corporation,690.3,USD,5.066893958996052,1676619,1.8067116324358714,92334375111.00002,USD,31.524866420057542,21.897,USD,-1.8467882917208418,0.882787,Electronic technology,Buy
EQIX,"Equinix, Inc.",940,USD,-2.0802733418752695,402714,0.8318160327327956,90698898315,USD,84.70910532766203,11.0968,USD,19.38076232074275,1.77506,Finance,Strong buy
CRWD,"CrowdStrike Holdings, Inc.",366.36,USD,2.0444543479471986,2899168,1.024495725708031,90238577445,USD,723.4597156398105,0.5064,USD,,0,Technology services,Buy
PYPL,"PayPal Holdings, Inc.",89.53,USD,2.2031963470319713,7869184,1.0755568172600076,89757299184,USD,21.391025947340758,4.1854,USD,24.609979754674274,0,Commercial services,Buy
SO,Southern Company (The),80.96,USD,-1.6520894071914476,5375573,1.5646486248000864,88706582277.99998,USD,18.860364347947627,4.2926,USD,55.393860411236616,3.47425,Utilities,Buy
MO,"Altria Group, Inc.",52.09,USD,-1.975912683477601,6242374,0.7489086677817395,88282808818.00002,USD,8.79646047587686,5.9217,USD,20.752446982055474,7.52729,Consumer non-durables,Neutral
ELV,"Elevance Health, Inc.",379.65,USD,2.1773064915491376,1908526,1.291342003058311,88049491801,USD,13.839020460535188,27.4333,USD,7.687566977691756,1.75476,Health services,Buy
DELL,Dell Technologies Inc.,124.66,USD,3.9613043115670084,8361313,1.490981788038758,87319240917,USD,22.03329916221853,5.6578,USD,56.64331792131565,1.4219,Electronic technology,Buy
TT,Trane Technologies plc,383.52,USD,0.6323633596599323,1411447,1.318658660306473,86301150135.00002,USD,35.56643667927887,10.7832,USD,27.200877637927185,0.881635,Producer manufacturing,Neutral
APH,Amphenol Corporation,71.13,USD,1.469329529243939,4822862,0.9189554513928616,85755243335.00002,USD,40.81363323387652,1.7428,USD,12.482251194010571,0.784593,Electronic technology,Buy
MCO,Moody's Corporation,473.14,USD,-1.2543044975477389,552586,1.0361199904598044,85732969210,USD,43.247047639940035,10.9404,USD,33.07870088796984,0.70959,Commercial services,Buy
ABNB,"Airbnb, Inc.",135.2,USD,-0.3758013410949962,4174471,0.9862857018648714,85712963376,USD,47.48358093632564,2.8473,USD,-65.51068365715392,0,Consumer services,Neutral
INTC,Intel Corporation,19.87,USD,-3.3560311284046587,83269940,1.4908794617804888,85699313620,USD,,-3.7174,USD,-826.1086198305928,2.43191,Electronic technology,Neutral
SHW,Sherwin-Williams Company (The),337.82,USD,0.38034111844059326,1841153,1.253943874022687,85081084327,USD,33.6554554873675,10.0376,USD,7.533424751456964,0.817139,Process industries,Buy
CDNS,"Cadence Design Systems, Inc.",308.14,USD,1.4085434081484804,1513205,1.1760253582932985,84511404988,USD,81.03402934834061,3.8026,USD,8.357792152281078,0,Technology services,Buy
AMT,American Tower Corporation (REIT),180.26,USD,-1.259859772129717,2262657,0.8732305091010935,84233584351,USD,75.99173727920407,2.3721,USD,55.47617487055122,3.54952,Finance,Buy
ICE,Intercontinental Exchange Inc.,146.58,USD,-2.175654030966358,3742914,1.5097466814356064,84162794425,USD,34.722255122586766,4.2215,USD,-2.01244139083609,1.20128,Finance,Buy
CEG,Constellation Energy Corporation,264.28,USD,4.706814580031683,4115974,1.5521676822317083,82657957079,USD,29.164183716259462,9.0618,USD,73.52124542825959,0.558637,Utilities,Buy
PH,Parker-Hannifin Corporation,641,USD,0.5206373102496629,634324,1.2601170078568094,82509794647,USD,28.94323333393538,22.1468,USD,22.929872667325352,0.998934,Electronic technology,Buy
DUK,Duke Energy Corporation (Holding Company),106.37,USD,-1.3082204490629028,4358676,1.4803722487449356,82168950844,USD,19.14472381706593,5.5561,USD,253.05966829764247,3.84116,Utilities,Buy
CME,CME Group Inc.,225.82,USD,-2.8731182795698955,2297668,1.368034104576253,81376996410,USD,23.74603041073419,9.5098,USD,13.496998412679476,4.47312,Finance,Buy
WM,"Waste Management, Inc.",201.76,USD,0.054549962806836216,1335896,0.8413657159228702,80979509055,USD,30.8228176846222,6.5458,USD,15.697191438216937,1.48773,Industrial services,Buy
CMG,"Chipotle Mexican Grill, Inc.",58.8,USD,-1.5075376884422205,10256219,1.6100865561600908,80120468393.99998,USD,54.64684014869888,1.076,USD,27.6393831553974,0,Consumer services,Buy
REGN,"Regeneron Pharmaceuticals, Inc.",716.26,USD,-0.26317621666782515,820344,1.0669965858720998,78709473013,USD,17.724294255058002,40.4112,USD,15.250157569466044,0,Health technology,Buy
MDLZ,"Mondelez International, Inc.",58.22,USD,-2.739726027397261,9337387,0.8989208525533043,77851448764.00002,USD,20.651981128729027,2.8191,USD,-15.75974899148363,2.99031,Consumer non-durables,Strong buy
CI,The Cigna Group,279.66,USD,-0.37050231563945984,1373729,0.8159015298855202,77788153748,USD,26.37754428326197,10.6022,USD,-40.17357349223546,1.99501,Health services,Buy
PNC,"PNC Financial Services Group, Inc. (The)",195.59,USD,-0.02044676174410471,2634138,1.774288750568076,77606872998,USD,16.543318475162607,11.8229,USD,-17.922177097434826,3.22037,Finance,Buy
SNPS,"Synopsys, Inc.",501.06,USD,1.4887282007656364,881501,0.983398160562242,77453083138,USD,34.503036729972045,14.5222,USD,82.8992443324937,0,Technology services,Strong buy
WELL,Welltower Inc.,124.05,USD,-1.4067715784453951,2136804,0.6963376741276789,77244636132,USD,155.0625,0.8,USD,117.03743895822032,2.03465,Finance,Buy
MSI,"Motorola Solutions, Inc.",456.45,USD,-1.1670708470465934,1179790,1.7034998569816147,76282195441,USD,50.024110645946124,9.1246,USD,-7.728867720373353,0.872597,Electronic technology,Buy
USB,U.S. Bancorp,48.73,USD,-0.26606631191158936,7261802,1.0763774828023183,76020345892,USD,14.924047531544774,3.2652,USD,-2.6649973171167924,4.05239,Finance,Buy
MAR,Marriott International,272.62,USD,-0.9662888695146645,1260366,1.1075945918679764,75759306243,USD,28.50600192396169,9.5636,USD,1.3383065071577542,0.875472,Consumer services,Neutral
AON,Aon plc,348.47,USD,-1.556585117803263,771856,1.101133594563722,75362311249.00002,USD,29.41966094826422,11.8448,USD,-9.941227009724543,0.745805,Finance,Neutral
HCA,"HCA Healthcare, Inc.",296.92,USD,0.0741489720256243,1440893,1.2245929094799708,75208974955,USD,13.32627194714732,22.2808,USD,9.531558015721247,0.889788,Health services,Buy
FTNT,"Fortinet, Inc.",97.94,USD,0.48219965117471925,4192926,1.0847207466114677,75066379089,USD,49.36989615888698,1.9838,USD,36.70066152149944,0,Technology services,Buy
ZTS,Zoetis Inc.,165.9,USD,1.5859408486926723,2734169,1.1086969180292983,74848272163.99998,USD,31.19065972287503,5.3189,USD,8.173683140126101,1.05811,Health technology,Buy
CTAS,Cintas Corporation,185.1,USD,-0.4035512510088782,2589566,0.9655704151544942,74650576006,USD,44.64974913160942,4.1456,USD,20.259921095381756,0.782889,Consumer services,Neutral
ITW,Illinois Tool Works Inc.,250.36,USD,-0.7649926671687258,790910,0.8142757233078923,73931305124,USD,21.658001505229375,11.5597,USD,12.177820045027552,2.29894,Producer manufacturing,Neutral
MCK,McKesson Corporation,580.43,USD,0.51780271543362,836012,1.244451404274778,73679837827,USD,30.08360155282239,19.2939,USD,-23.722642165854886,0.460654,Distribution services,Buy
CL,Colgate-Palmolive Company,87.54,USD,-2.895174708818635,6077449,1.6166277497898367,71521137148,USD,25.1501134829201,3.4807,USD,82.02593870934004,2.19634,Consumer non-durables,Buy
EOG,"EOG Resources, Inc.",126.39,USD,-0.14221379473808377,2678483,0.7854980508615342,71088110699,USD,10.174526251388643,12.4222,USD,-7.710252600297182,4.06099,Energy minerals,Buy
MMM,3M Company,130.29,USD,0.32340032340031377,3067149,1.1158211975937842,70950543476,USD,16.45699128457749,7.917,USD,,2.7797,Producer manufacturing,Buy
GD,General Dynamics Corporation,257.99,USD,-2.0427535406462374,1898171,1.2566666682114287,70939153633.99998,USD,19.64530474246901,13.1324,USD,9.75862530088259,2.11869,Electronic technology,Buy
TDG,Transdigm Group Inc.,1251.32,USD,-1.9003418106557128,363545,1.3566281272751493,70362283269,USD,48.88465234750404,25.5974,USD,16.283105437695898,0,Electronic technology,Buy
COF,Capital One Financial Corporation,183.52,USD,1.7125755140497718,2277942,1.0708698359360254,70014780229,USD,17.326283987915406,10.592,USD,-20.39741171342467,1.33016,Finance,Buy
ORLY,"O'Reilly Automotive, Inc.",1210.47,USD,0.5190081546561259,301136,0.8695383508351162,69881266636,USD,29.94745149654377,40.4198,USD,7.4971809110444525,0,Retail trade,Buy
EMR,Emerson Electric Company,122.09,USD,-1.0936487362281224,2311151,0.8049534104877148,69534083130,USD,35.61344145615775,3.4282,USD,-8.236301828207395,1.70326,Electronic technology,Buy
AJG,Arthur J. Gallagher & Co.,276.42,USD,-1.4194008559201003,1678141,0.6417237101423826,69050454101,USD,52.55832525241002,5.2593,USD,0.843671504994911,0.85592,Finance,Buy
WMB,"Williams Companies, Inc. (The)",55.81,USD,-1.3957597173144862,6093560,0.9973683875421625,68033045697,USD,23.741864125579617,2.3507,USD,6.193530899891569,3.35689,Industrial services,Buy
WDAY,"Workday, Inc.",254.14,USD,0.5141591520328994,1849075,0.2803257650468113,67855379837.00001,USD,42.164117198128544,6.0274,USD,2449.661590524535,0,Technology services,Buy
BDX,"Becton, Dickinson and Company",230.7,USD,0.9804779830167122,1752323,1.0486142382387007,66904794418.00001,USD,38.83576863510874,5.9404,USD,19.59734246023758,1.7027,Health technology,Buy
NOC,Northrop Grumman Corporation,455.14,USD,-2.7104441879355323,873418,1.5583239887561766,66311780555,USD,28.18239235160807,16.1498,USD,-46.99874633253038,1.72075,Electronic technology,Buy
FDX,FedEx Corporation,273.97,USD,-0.16034401078677807,1651375,0.6470888183796696,65985843684.00001,USD,17.465113758789293,15.6867,USD,-7.070964378595157,1.96786,Transportation,Buy
ECL,Ecolab Inc.,231.38,USD,-0.23714051653516638,1244175,1.2550807733639917,65517979637.99999,USD,32.45662023594103,7.1289,USD,65.74211847856412,1.01755,Process industries,Buy
TGT,Target Corporation,139.29,USD,2.5775093894984904,4937855,1.1900883313449744,63824338684,USD,14.759830880249229,9.4371,USD,20.219365851794283,3.26976,Retail trade,Buy
APD,"Air Products and Chemicals, Inc.",283.24,USD,-0.23599027860942406,1458220,1.5574586152864038,62987900126,USD,16.48335021008648,17.1834,USD,66.92636487274139,2.4867,Process industries,Buy
RSG,"Republic Services, Inc.",200.95,USD,-0.044767210505373765,864179,0.8957058762925707,62927913461,USD,32.14222876245621,6.2519,USD,20.982661196687047,1.08685,Industrial services,Buy
ADSK,"Autodesk, Inc.",292.51,USD,-0.5271033122492047,1231416,0.9659683738501623,62889652100,USD,58.11033633311481,5.0337,USD,18.610240580598024,0,Technology services,Buy
KMI,"Kinder Morgan, Inc.",27.83,USD,-1.5564202334630395,14420787,1.2134729854001922,61828244834.99999,USD,24.461633119451523,1.1377,USD,4.032553035844918,4.05023,Industrial services,Buy
CSX,CSX Corporation,32,USD,-1.0513296227582047,13509045,1.2088227715215258,61709410156,USD,17.2015266354889,1.8603,USD,-1.2422360248447135,1.48423,Transportation,Buy
CARR,Carrier Global Corporation,68.71,USD,-0.7941091539128087,3533026,0.8417259118542916,61648490806,USD,17.94885191086962,3.8281,USD,172.249484389446,1.14785,Producer manufacturing,Buy
RCL,Royal Caribbean Cruises Ltd.,228.41,USD,-0.23150170350310176,1541855,0.7696563355961294,61413795499,USD,23.98886730032033,9.5215,USD,196.89741191144373,0.414956,Consumer services,Buy
DLR,"Digital Realty Trust, Inc.",179.6,USD,-1.1775063277209281,2021310,1.1571105387444065,59575582371,USD,153.19003752985327,1.1724,USD,-59.022753486421294,2.68515,Finance,Buy
HLT,Hilton Worldwide Holdings Inc.,243.55,USD,-1.2047704040240137,1334759,1.1206264484193333,59372574851,USD,52.25049343516691,4.6612,USD,-5.942651895796764,0.243388,Consumer services,Buy
OKE,"ONEOK, Inc.",101.62,USD,-1.2439261418853267,3011295,1.0262339126073794,59371629260.00001,USD,21.272765333891563,4.777,USD,-12.295518387280367,3.8484,Industrial services,Buy
GM,General Motors Company,53.53,USD,3.3996523082866483,9728239,1.0774940297631141,58861363179.99999,USD,5.714499220701582,9.3674,USD,31.694081259665392,0.927178,Consumer durables,Buy
TFC,Truist Financial Corporation,44.1,USD,0,6246498,1.1504949551889763,58543657751.99999,USD,,-1.4566,USD,-136.6145492936504,4.71655,Finance,Buy
CVS,CVS Health Corporation,45.82,USD,0.10924186148131342,16462547,1.1898829913786222,57660235517.00001,USD,11.641851720107729,3.9358,USD,-40.63291902980572,5.81167,Retail trade,Buy
SPG,"Simon Property Group, Inc.",174.41,USD,-0.9428068381893546,2050862,1.43821806606192,56904771269,USD,22.774578550815477,7.6581,USD,14.422961989003108,4.60044,Finance,Buy
MET,"MetLife, Inc.",81.99,USD,-0.2676073470380719,3323648,1.1800364266544778,56771547950,USD,16.53590948510578,4.9583,USD,82.28373956839825,2.62134,Finance,Buy
BK,The Bank of New York Mellon Corporation,77.92,USD,1.286884180423755,3381305,0.8916248746966052,56653940436.00001,USD,16.94539286257965,4.5983,USD,7.660789960431748,2.31379,Finance,Buy
AFL,AFLAC Incorporated,101.79,USD,-1.328034121752608,1903112,0.9702948186858709,56547240658.99999,USD,15.326587767639355,6.6414,USD,-12.443805782236698,1.93874,Finance,Neutral
PCAR,PACCAR Inc.,107.24,USD,2.2306959008579494,2227286,1.0492933043143067,56225988480,USD,11.987748440609,8.9458,USD,14.340857383879953,1.11535,Producer manufacturing,Neutral
VST,Vistra Corp.,163.95,USD,0.979305247597915,7406885,1.5249367574799442,55780088846.99999,USD,31.05584179421124,5.2792,USD,55.531331938838655,0.538002,Utilities,Buy
FCX,"Freeport-McMoRan, Inc.",38.57,USD,2.2805621850967897,18974389,1.825776303706879,55422302276,USD,28.063154831199068,1.3744,USD,-7.44157855747862,1.59109,Non-energy minerals,Buy
AZO,"AutoZone, Inc.",3293.46,USD,0.7550217512344004,181211,1.4780041955806116,55271371377,USD,22.002193899569637,149.6878,USD,8.64514199778192,0,Retail trade,Buy
TRV,"The Travelers Companies, Inc.",241.88,USD,-0.1692187048578136,1442741,1.4454247200777683,54911348768.00001,USD,12.406774792519414,19.4958,USD,110.89536254773209,1.71282,Finance,Neutral
SLB,Schlumberger N.V.,38.76,USD,0.4405286343612195,8366562,0.6622007605283561,54735098177,USD,12.47666258932595,3.1066,USD,7.883039311015414,2.85048,Industrial services,Strong buy
CPRT,"Copart, Inc.",56.58,USD,-0.5798629414865548,3152552,0.8138235951254993,54516437581,USD,39.6551724137931,1.4268,USD,4.359274429490938,0,Retail trade,Buy
ROP,"Roper Technologies, Inc.",507.1,USD,-1.4651018187470783,968975,1.659480536651147,54375902044,USD,37.36093715464525,13.573,USD,14.910513215597968,0.582932,Technology services,Buy
NXPI,NXP Semiconductors N.V.,213.41,USD,2.178492770276732,1972698,0.9787244915298595,54239342963,USD,20.37424220726526,10.4745,USD,-3.0264595330234823,1.94197,Electronic technology,Buy
NSC,Norfolk Southern Corporation,236.96,USD,0.4578599287773497,1112341,1.0084619559216013,53609750058.99999,USD,22.22555713964133,10.6616,USD,16.798492583422803,2.2893,Transportation,Buy
SRE,DBA Sempra,84.51,USD,-3.6044256872362226,3075150,0.9527073134053415,53528570361,USD,18.601426307448495,4.5432,USD,5.178840143535132,2.82879,Utilities,Buy
JCI,Johnson Controls International plc,79.27,USD,-0.8133133133133205,2261772,0.8817081382847887,52491431562.99999,USD,31.248029012929674,2.5368,USD,-5.901554211951483,1.85185,Producer manufacturing,Buy
PSA,Public Storage,295.83,USD,-1.537693459810286,597678,0.7819260501246522,51824320944,USD,30.662631246177924,9.6479,USD,-11.546395533266708,3.99401,Finance,Buy
AMP,"Ameriprise Financial, Inc.",530.81,USD,-0.9387130486712612,359624,0.8052718047610422,51496300753.00001,USD,20.37760041767919,26.0487,USD,5.9855315409153045,1.08055,Finance,Buy
GWW,"W.W. Grainger, Inc.",1054.01,USD,0.0018975512101615587,212444,0.8821278629480471,51330461171.00001,USD,28.398261633342585,37.1153,USD,2.975628974441492,0.759969,Distribution services,Neutral
ROST,"Ross Stores, Inc.",154.95,USD,0.4538087520259246,1882419,0.9304502846558959,51122528412,USD,24.387364842532698,6.3537,USD,25.825807984790877,0.952998,Retail trade,Buy
MNST,Monster Beverage Corporation,51.87,USD,-0.9925558312655146,3778196,0.8242465843318099,50444596545,USD,33.32476710568583,1.5565,USD,5.325483827310866,0,Consumer non-durables,Buy
LULU,lululemon athletica inc.,395.31,USD,4.529589084562905,1729661,1.2061470886898271,50164666490.00001,USD,28.552133591425186,13.8452,USD,76.16551302931596,0,Retail trade,Buy
FANG,"Diamondback Energy, Inc.",169.64,USD,-0.7721104351895306,2121355,0.8484322468045534,49533047163,USD,9.713363031503727,17.4646,USD,-0.9612058454925361,4.84909,Energy minerals,Strong buy
ALL,Allstate Corporation (The),185.91,USD,-2.893705928440842,2622990,2.1444185999550185,49229613482,USD,12.002866587469656,15.4888,USD,,1.92217,Finance,Buy
CMI,Cummins Inc.,358.04,USD,1.0413433046423022,587001,0.9942157742649633,49116592267.00001,USD,23.76871245062569,15.0635,USD,-23.25699875181496,1.97545,Producer manufacturing,Neutral
PAYX,"Paychex, Inc.",136.06,USD,-2.584663850504751,2629120,1.2108060869495938,48990177611,USD,28.629744970962044,4.7524,USD,5.6746419994663215,2.74218,Technology services,Neutral
PWR,"Quanta Services, Inc.",328.06,USD,0.47164032831067637,863671,0.9289889567395212,48425457043.00001,USD,60.61266720863203,5.4124,USD,15.402985074626855,0.110254,Industrial services,Buy
AEP,"American Electric Power Company, Inc.",90.32,USD,-1.8794133623031006,3457335,1.43405615148404,48101298421,USD,18.135089551040075,4.9804,USD,14.457748259140951,3.87833,Utilities,Neutral
FICO,Fair Isaac Corporation,1968.01,USD,0.08900145453805702,186427,1.2456427193573842,47916915439,USD,96.25168121683417,20.4465,USD,20.787230397514126,0,Technology services,Neutral
OXY,Occidental Petroleum Corporation,50.77,USD,0.5147495545436648,10215481,0.7487557185770066,47639678531,USD,13.223075921343925,3.8395,USD,-15.877919460146344,1.74223,Energy minerals,Neutral
PSX,Phillips 66,115.17,USD,-0.7924885864415554,2324818,0.7267799844441276,47563968551,USD,14.810194948819506,7.7764,USD,-53.08384263141701,3.8763,Energy minerals,Buy
MSCI,MSCI Inc.,596.66,USD,-0.8013566535878249,359569,1.0331364860504493,46761017600,USD,39.18331428871639,15.2274,USD,26.9553037692904,1.06404,Technology services,Buy
O,Realty Income Corporation,52.73,USD,-1.0322822822822904,6850034,1.0760840424691975,46149878771,USD,50.176039585117515,1.0509,USD,-20.18076864651375,5.83803,Finance,Buy
HWM,Howmet Aerospace Inc.,112.47,USD,-0.2571833983682212,2115872,1.0725965717212578,45692135872.99999,USD,43.05895865237366,2.612,USD,70.71895424836602,0.230578,Electronic technology,Buy
AIG,"American International Group, Inc. New",72.47,USD,-0.4669688229638832,3789272,1.0185767646657637,45204565421,USD,19.783249617820484,3.6632,USD,-29.876146174314222,2.14256,Finance,Buy
MPC,Marathon Petroleum Corporation,140.53,USD,-1.5482695810564717,3757679,1.139902979235309,45164788264,USD,11.128180356817625,12.6283,USD,-52.83777071514735,2.37144,Energy minerals,Buy
D,"Dominion Energy, Inc.",53.66,USD,-1.9550520738169201,3748830,1.0400017111286868,45074917345,USD,19.1376297300189,2.8039,USD,43.26078070713264,4.87849,Utilities,Neutral
DFS,Discover Financial Services,179.21,USD,1.7891627854140664,1174673,1.0064679497235982,45022379581.00001,USD,15.689621964245067,11.4222,USD,-15.262435550280054,1.59037,Finance,Buy
URI,"United Rentals, Inc.",684,USD,-1.6266125900677317,731420,1.441622204395704,44885710052.00001,USD,17.86595829709208,38.2851,USD,10.956831717602052,0.937711,Finance,Buy
DHI,"D.R. Horton, Inc.",139.36,USD,-0.37886911144468705,3472175,1.214270739001428,44710760800.99999,USD,9.704329902650308,14.3606,USD,3.7218406246162945,0.929302,Consumer durables,Neutral
COR,"Cencora, Inc.",228.88,USD,-0.13961605584641937,1005832,0.9320652780775268,44237958496,USD,30.494970355072947,7.5055,USD,-11.979594230092644,0.907504,Distribution services,Buy
NDAQ,"Nasdaq, Inc.",76.82,USD,-1.7898235745333748,3515753,1.3694217413000072,44152880915,USD,45.89282513889718,1.6739,USD,-24.97759053424166,1.20174,Finance,Buy
KR,Kroger Company (The),60.62,USD,-1.3667425968109395,7099048,0.812121079696178,43865003442,USD,16.04212977664867,3.7788,USD,47.0178578376065,1.98503,Retail trade,Buy
PCG,Pacific Gas & Electric Co.,19.86,USD,-2.6470588235294077,18233186,1.3642453475465801,43563032554.99999,USD,15.461268976255353,1.2845,USD,46.39844996580808,0.269608,Utilities,Buy
AXON,"Axon Enterprise, Inc.",570.71,USD,-5.049412704222526,1614521,1.3161607767505688,43519364887,USD,147.79107105862855,3.8616,USD,97.35268564419685,0,Electronic technology,Strong buy
EW,Edwards Lifesciences Corporation,73.54,USD,-0.5006088485996352,4102477,0.7773218116889559,43373891642.00001,USD,10.608158790606428,6.9324,USD,196.4337637903019,0,Health technology,Buy
NEM,Newmont Corporation,37.79,USD,-0.8396746260823938,8146612,0.8794907403523924,43022043149,USD,,-1.5359,USD,-49.814670308232564,2.62398,Non-energy minerals,Buy
TEL,TE Connectivity plc,143.44,USD,0.7303370786516797,1114420,0.7698137835640799,42911818077.00001,USD,13.965805974218172,10.2708,USD,70.65098195593659,1.78371,Electronic technology,Buy
PEG,Public Service Enterprise Group Incorporated,85.7,USD,-0.6376811594202866,2532952,1.2596088017541567,42697915502.00001,USD,21.087598425196852,4.064,USD,-27.55793226381462,2.78261,Utilities,Buy
FIS,"Fidelity National Information Services, Inc.",79.04,USD,-1.5200598056316956,2554138,1.0671377640109312,42551529907,USD,58.77453896490185,1.3448,USD,,1.79417,Technology services,Buy
BKR,Baker Hughes Company,42.83,USD,0.39849976558837724,4686529,0.8083454820131781,42381392591,USD,19.180474697716075,2.233,USD,34.55860198855078,1.94562,Industrial services,Buy
PRU,"Prudential Financial, Inc.",118.64,USD,-0.41967433271781096,1093677,0.9355085169247888,42235839783,USD,10.515213557038653,11.2827,USD,629.5163584637269,4.36461,Finance,Neutral
KDP,Keurig Dr Pepper Inc.,31.08,USD,-1.458465440710212,7560927,0.880175800312321,42158578197,USD,18.809005083514887,1.6524,USD,20.419763882815914,2.77425,Consumer non-durables,Buy
KMB,Kimberly-Clark Corporation,126.12,USD,-2.8051787916152793,2412112,1.2559511068232103,42059169606,USD,16.351190167505056,7.7132,USD,48.26234045825004,3.76079,Consumer non-durables,Neutral
HES,Hess Corporation,135.92,USD,-0.3446000439914942,1531253,0.9247051441888019,41879432739.00001,USD,15.862012627058315,8.5689,USD,65.54422162976701,1.37473,Energy minerals,Buy
AME,"AMETEK, Inc.",179.43,USD,-0.07796402517123482,1730758,2.0156729713683177,41503537747,USD,31.270477518299057,5.738,USD,3.9191538684439315,0.623712,Producer manufacturing,Buy
GLW,Corning Incorporated,48.34,USD,1.7684210526315862,3713127,0.9996515473352471,41389130634,USD,270.35794183445194,0.1788,USD,-73.71361364304617,2.35789,Electronic technology,Buy
FAST,Fastenal Company,71.97,USD,0.39057051192635117,2673572,0.9199455266526513,41230640277,USD,35.76682238346089,2.0122,USD,1.6313955250265164,2.17604,Distribution services,Neutral
TRGP,"Targa Resources, Inc.",186.16,USD,-0.005371434710206213,1911379,1.1038591313814128,40594683393,USD,33.53992505044682,5.5504,USD,44.635830618892506,1.47714,Utilities,Buy
CBRE,CBRE Group Inc,132.39,USD,0.6768060836501798,1546008,0.8561489952927555,40513719504,USD,42.61297798377752,3.1068,USD,65.61650407804254,0,Finance,Buy
STZ,"Constellation Brands, Inc.",222.93,USD,0.45511896178804045,1933104,1.152266268984324,40475031056,USD,71.66554151798631,3.1107,USD,-61.93931236999878,1.7664,Consumer non-durables,Buy
KVUE,Kenvue Inc.,21.11,USD,-0.42452830188679186,10740380,1.0470121047474177,40473305861,USD,38.090941898231684,0.5542,USD,-32.734555164461696,3.82075,Consumer non-durables,Buy
GRMN,Garmin Ltd.,207.83,USD,0.3282645426019825,643384,0.8125136785166874,39908548491,USD,26.400833322747427,7.8721,USD,45.11853408546252,1.43857,Electronic technology,Sell
F,Ford Motor Company,9.92,USD,0.40485829959513303,63840734,1.0939813322902932,39424943210,USD,11.313868613138686,0.8768,USD,-42.50491803278688,7.89474,Consumer durables,Neutral
CTVA,"Corteva, Inc.",56.94,USD,1.787629603146228,2980767,1.0001117622504563,39134464171.99999,USD,57.68996960486322,0.987,USD,-24.135280553420444,1.17984,Process industries,Buy
ODFL,"Old Dominion Freight Line, Inc.",182.67,USD,0.9728594328671665,1149783,0.7685974693664459,38999593063,USD,31.924710323493944,5.7219,USD,1.8729859169975247,0.574871,Transportation,Neutral
A,"Agilent Technologies, Inc.",136.43,USD,0.5453607487655753,1047034,0.7933174382028056,38963765560,USD,30.81840565632836,4.4269,USD,5.414930348851061,0.704547,Health technology,Buy
LHX,"L3Harris Technologies, Inc.",204.29,USD,-2.603098927294402,1369693,1.5622257650748086,38747349110,USD,32.262089005400966,6.3322,USD,-18.59565222980703,2.21216,Electronic technology,Buy
DAL,"Delta Air Lines, Inc.",60.04,USD,1.7627118644067783,9652925,1.3273898314603352,38742686841.00001,USD,8.33854144966182,7.2003,USD,36.11410423637498,0.847458,Transportation,Strong buy
VLO,Valero Energy Corporation,122.12,USD,-1.7221953967487529,2187537,0.7323300943409391,38661386114.00001,USD,10.954529552651172,11.1479,USD,-61.98758822927678,3.44439,Energy minerals,Buy
VRSK,"Verisk Analytics, Inc.",273,USD,-1.1872013898943004,860715,1.1865016593778108,38550506790,USD,42.545896580743694,6.4166,USD,88.89019723285251,0.564645,Technology services,Buy
CCI,Crown Castle Inc.,88.54,USD,-1.6112901433492484,2427583,0.6656779413526936,38479325519,USD,31.411643665519566,2.8187,USD,-21.12656350561043,6.95633,Finance,Neutral
EA,Electronic Arts Inc.,145.25,USD,-0.710916672363109,1679411,1.1070772120321115,38095128143.00001,USD,37.2990601407221,3.8942,USD,7.452884854170697,0.519516,Technology services,Buy
EXC,Exelon Corporation,37.8,USD,-0.6570302233902761,6817250,0.9797797236438393,37982710000,USD,15.576709111138584,2.4267,USD,12.84352476168332,3.99474,Utilities,Neutral
IT,"Gartner, Inc.",491.72,USD,1.183200609091096,468164,1.1486443384310698,37928470701,USD,36.25638719096319,13.5623,USD,16.56367371144211,0,Technology services,Neutral
CTSH,Cognizant Technology Solutions Corporation,75.91,USD,-0.615344330976694,3248855,1.230669920770336,37638020578,USD,16.793876241676067,4.5201,USD,10.034324107208072,1.57109,Technology services,Neutral
XEL,Xcel Energy Inc.,65.14,USD,-2.324186534712846,3657563,1.0355626326513065,37406107912,USD,19.356947581124448,3.3652,USD,6.524010002848918,3.24261,Utilities,Buy
GEHC,GE HealthCare Technologies Inc.,81.72,USD,1.4903129657228054,3746630,1.234361277514487,37335658467,USD,22.381682734443473,3.6512,USD,8.489080374387159,0.149031,Health technology,Buy
LVS,Las Vegas Sands Corp.,50.93,USD,1.0115033716779016,3511217,1.1734119088634445,36925583777,USD,25.31186322747378,2.0121,USD,128.62174752868992,1.58667,Consumer services,Buy
OTIS,Otis Worldwide Corporation,92.29,USD,-0.6459252879750181,2037745,1.35513583944246,36866213674,USD,22.984011555511284,4.0154,USD,21.15378813022357,1.62558,Producer manufacturing,Neutral
IR,Ingersoll Rand Inc.,91.27,USD,-1.319061520164341,1833792,0.9394927260208908,36782945066,USD,44.3618158841256,2.0574,USD,9.76898041935655,0.0864958,Producer manufacturing,Buy
SYY,Sysco Corporation,74.74,USD,-0.9147554023598194,1690716,0.7705257349377362,36714238019,USD,19.21633156785108,3.8894,USD,9.40339230963968,2.67798,Distribution services,Buy
LEN,Lennar Corporation,135.06,USD,-0.6034736532234275,2393675,0.6867403982866226,36499713516.99999,USD,9.416243123967288,14.3433,USD,4.2292515968694735,1.47189,Consumer durables,Buy
KHC,The Kraft Heinz Company,30.05,USD,-1.82946749428291,10834979,1.25575745918479,36335705627.00001,USD,26.984554597701152,1.1136,USD,-54.00627787873782,5.22705,Consumer non-durables,Buy
YUM,"Yum! Brands, Inc.",130.17,USD,-2.4505395683453313,2120834,1.37025130541028,36326780691,USD,24.34904601571268,5.346,USD,1.607937050975026,2.00839,Consumer services,Buy
IQV,"IQVIA Holdings, Inc.",199.28,USD,0.9574953138456938,1462923,1.3130965793424942,36169319778,USD,26.137481473709062,7.6243,USD,27.920204019999318,0,Health services,Strong buy
IDXX,"IDEXX Laboratories, Inc.",429.16,USD,3.2801482444107655,627115,1.3702663466614458,35141623749.99999,USD,41.40552639703612,10.3648,USD,5.753553245110146,0,Health technology,Buy
RMD,ResMed Inc.,235.09,USD,1.4762377519747987,793784,0.9874000094288774,34510211354,USD,31.164991913460774,7.5434,USD,22.70878745485896,0.87193,Health technology,Buy
ACGL,Arch Capital Group Ltd.,90.74,USD,-0.7221006564551541,1790965,1.0943757762673305,34140187598,USD,6.092508913164626,14.8937,USD,90.58325229052568,0,Finance,Buy
VMC,Vulcan Materials Company (Holding Company),257.38,USD,0.09722708357640104,640061,0.8923754205789765,33989928783.000004,USD,40.52781583132568,6.3507,USD,2.923682803105192,0.715591,Non-energy minerals,Buy
GIS,"General Mills, Inc.",61.5,USD,-3.725735754539766,5393116,1.4448715530655374,33900722626.000004,USD,13.382074547946994,4.5957,USD,11.77128681567235,3.72574,Consumer non-durables,Neutral
HSY,The Hershey Company,166.74,USD,-1.354789090693955,1387876,1.1044901216496064,33740676889.000004,USD,19.20680082476127,8.6813,USD,-6.426300188628398,3.24203,Consumer non-durables,Neutral
TTWO,"Take-Two Interactive Software, Inc.",188.98,USD,0.12185430463575618,1233702,0.8895706251377671,33190064475.999996,USD,,-21.1587,USD,-136.50783005264745,0,Technology services,Buy
WAB,Westinghouse Air Brake Technologies Corporation,192.23,USD,0.9346285114203209,976059,0.8893672188489259,33042340518,USD,32.011656952539546,6.005,USD,42.66029981232034,0.420058,Producer manufacturing,Buy
RJF,"Raymond James Financial, Inc.",159.87,USD,1.3631752472736531,1075573,1.0317853702092987,32620648466.999996,USD,16.481103482402425,9.7002,USD,21.943002250242007,1.14126,Finance,Buy
UAL,"United Airlines Holdings, Inc.",98.57,USD,3.0312532664367007,7051025,1.5796281074413034,32417298892.999996,USD,11.881486481599788,8.2961,USD,-3.783213295756353,0,Transportation,Strong buy
ETR,Entergy Corporation,75.26,USD,-1.8518518518518539,2733493,1.000070244733383,32272696089.000004,USD,18.322580645161292,4.1075,USD,18.02821757995459,2.99296,Utilities,Buy
MTB,M&T Bank Corporation,193.25,USD,0.8927639135428673,1034008,0.9528904380764701,32066497529.000004,USD,14.296599887550675,13.5172,USD,-22.059171188209582,2.79315,Finance,Buy
HUM,Humana Inc.,264.29,USD,0.6934125804853861,1736896,1.143015834053382,31823515778,USD,23.39988489972996,11.2945,USD,-53.181479025037305,1.34873,Health services,Neutral
ROK,"Rockwell Automation, Inc.",281.46,USD,-0.4703136603133211,564153,0.7087076803328918,31814167627.999996,USD,33.980852117012155,8.2829,USD,-30.77797370818256,1.78931,Producer manufacturing,Neutral
HPQ,HP Inc.,33.87,USD,2.202776101388041,7757631,1.3214156683610112,31763208096,USD,12.038814246107911,2.8134,USD,-14.530485767232735,3.36814,Electronic technology,Neutral
DECK,Deckers Outdoor Corporation,208.47,USD,0.5886610373944506,2993993,1.905229925644951,31671175734,USD,36.692128977752745,5.6816,USD,47.058366765885864,0,Consumer non-durables,Buy
CNC,Centene Corporation,62.69,USD,1.968119713728043,4930263,0.7166148791051605,31649985544,USD,10.871978079150912,5.7662,USD,29.609566409674308,0,Health services,Buy
MLM,"Martin Marietta Materials, Inc.",517.37,USD,0.1354829968838999,366417,0.9371760543189048,31620648982,USD,16.072582448989735,32.1896,USD,86.83924891894243,0.592254,Non-energy minerals,Buy
HIG,"Hartford Financial Services Group, Inc. (The)",108.65,USD,-0.7762557077625518,1642253,1.1609641615666104,31496656637,USD,10.881648922851964,9.9847,USD,36.94179284617073,1.76256,Finance,Buy
EXR,Extra Space Storage Inc,148.56,USD,-1.6419491525423662,991871,0.8983288276706047,31492278090,USD,39.35051519084576,3.7753,USD,-30.393819831114715,4.29025,Finance,Neutral
DD,"DuPont de Nemours, Inc.",75.26,USD,0.6822742474916457,2809041,1.430013639147816,31455325336.999996,USD,39.58760717479354,1.9011,USD,-80.32802152317882,2.03345,Process industries,Buy
MCHP,Microchip Technology Incorporated,58.29,USD,1.075082365181199,6946014,0.7865657913737303,31302328191.999996,USD,40.65137038845108,1.4339,USD,-68.53826575390556,3.14028,Electronic technology,Buy
DXCM,"DexCom, Inc.",79.88,USD,-1.4678672751942738,3441450,1.084503749368125,31200756878,USD,47.88394676897254,1.6682,USD,84.80115209925778,0,Health technology,Buy
VICI,VICI Properties Inc.,29.56,USD,0.3394433129667273,16990357,2.890000080115447,31161385013,USD,10.964798397566675,2.6959,USD,13.435159471513936,5.75356,Finance,Strong buy
WTW,Willis Towers Watson Public Limited Company,306.61,USD,-0.7863059798084412,673716,1.2196469100145715,30883435339.999996,USD,,-7.245,USD,-177.05807275047863,1.13901,Finance,Buy
EFX,"Equifax, Inc.",248.76,USD,-1.8272228580449092,923314,1.3119638833883138,30834303500,USD,55.194142445085426,4.507,USD,6.955551864068914,0.615652,Commercial services,Buy
MPWR,"Monolithic Power Systems, Inc.",631.1,USD,1.8116701889105808,785898,1.0995884962518894,30785056039.000004,USD,71.11626963557279,8.8742,USD,-3.895428800398533,0.806621,Electronic technology,Buy
ED,"Consolidated Edison, Inc.",88.37,USD,-0.9748991483639515,1981278,1.0008439047055493,30616524767,USD,16.623713764367277,5.3159,USD,-21.219082057589993,3.7203,Utilities,Neutral
EIX,Edison International,78.44,USD,-1.7042606516290721,2250502,1.0525323798987025,30368068010.999996,USD,23.01710730948678,3.4079,USD,6.18495668972394,3.90977,Utilities,Buy
IRM,Iron Mountain Incorporated (Delaware),103.43,USD,-2.1475875118259187,1901794,0.8646857549824389,30352608039,USD,292.3403052572075,0.3538,USD,-62.68719679392534,2.58278,Finance,Buy
CCL,Carnival Corporation,24.13,USD,-1.0254306808859721,20056126,0.8796454321362397,30313768724,USD,17.34598519157501,1.3911,USD,,0,Consumer services,Buy
AVB,"AvalonBay Communities, Inc.",212.78,USD,-2.9155450107222642,540414,0.8392357065353865,30265237284,USD,29.088174982911823,7.315,USD,11.505746776012932,3.10261,Finance,Buy
EBAY,eBay Inc.,62.94,USD,2.1587404642103527,5520633,1.3856269732566906,30148259342.000004,USD,15.897552474047131,3.9591,USD,-21.676426367017495,1.75296,Retail trade,Neutral
HPE,Hewlett Packard Enterprise Company,22.85,USD,4.720439963336394,21505809,1.672707970719491,30055382045,USD,12.085470989580578,1.8907,USD,22.860484761842883,2.38313,Electronic technology,Buy
LYV,"Live Nation Entertainment, Inc.",129.27,USD,-0.16989728936597331,1575633,1.1058217530711598,29809567122.000004,USD,138.4195309990363,0.9339,USD,-35.50414364640884,0,Consumer services,Buy
ANSS,"ANSYS, Inc.",338.65,USD,0.07979194987882908,537780,1.2459368853199637,29614925431,USD,52.30196605352978,6.4749,USD,17.038121576920982,0,Technology services,Neutral
CSGP,"CoStar Group, Inc.",71.21,USD,-1.4394463667820157,1953079,0.7373452251145104,29193218019,USD,165.60465116279067,0.43,USD,-56.5831987075929,0,Technology services,Buy
WEC,"WEC Energy Group, Inc.",92.12,USD,-1.7805736219213153,1632567,1.2421890818001011,29142571067,USD,22.530388632083547,4.0887,USD,-5.4460940752046625,3.56115,Utilities,Neutral
CAH,"Cardinal Health, Inc.",119.63,USD,0.276613579212069,2777683,1.2809003479069705,28951715217,USD,23.247182277497085,5.146,USD,747.4967061923585,1.68684,Distribution services,Buy
TSCO,Tractor Supply Company,53.65,USD,3.3121509724629288,6099058,1.171704236153696,28935825755.999996,USD,26.107055961070557,2.055,USD,0.27325070752416664,1.69459,Retail trade,Buy
BRO,"Brown & Brown, Inc.",100.92,USD,-0.6595137316665043,1376760,1.2259591752994463,28858918583,USD,27.487402968813836,3.6715,USD,39.78678850180849,0.531548,Finance,Buy
STT,State Street Corporation,98.43,USD,0.778130439234161,1683722,0.911266570376143,28854808058,USD,15.55221993995892,6.329,USD,-7.7808538539997185,2.89751,Finance,Buy
FITB,Fifth Third Bancorp,42.94,USD,1.2974758197688068,5321053,1.194833636623296,28793129882,USD,14.324793167867627,2.9976,USD,-14.522797912686421,3.39703,Finance,Buy
GPN,Global Payments Inc.,113.03,USD,0.3997157576834277,1173278,0.8936336642599622,28765550016,USD,21.306314797360983,5.305,USD,59.256701990333504,0.888257,Commercial services,Buy
KEYS,Keysight Technologies Inc.,165.25,USD,0.8852258852258783,714093,0.6992258502051824,28616798591.999996,USD,47.23857984106112,3.4982,USD,-40.820814724590605,0,Electronic technology,Buy
EQT,EQT Corporation,47.64,USD,1.3185878349638396,6793326,1.0152791355324233,28426026396,USD,56.45887651102157,0.8438,USD,-88.57181553463805,1.33986,Energy minerals,Buy
XYL,Xylem Inc.,116.84,USD,-0.2901519030551318,1166509,1.163956211237514,28385658109,USD,34.18473331577869,3.4179,USD,40.04917025199754,1.22888,Producer manufacturing,Buy
NUE,Nucor Corporation,120.62,USD,4.4781290601992225,3499962,1.4039729818110518,28323135929,USD,11.657034617391808,10.3474,USD,-47.52946187704104,1.8796,Non-energy minerals,Buy
TPL,Texas Pacific Land Corporation,1226.63,USD,1.2881596657390928,125973,0.7407836465775227,28181719548,USD,62.93314863270228,19.491,USD,14.685997728757105,0.42168,Miscellaneous,
K,Kellanova,81.22,USD,0.012313754463742294,1986006,1.156962994131955,27996364386,USD,27.916408881556332,2.9094,USD,21.64569134924949,2.78291,Consumer non-durables,Neutral
GDDY,GoDaddy Inc.,199.34,USD,-0.5239782424272583,990739,1.0169784682507244,27985618758,USD,15.408279998763255,12.9372,USD,456.84586579434426,0,Technology services,Buy
DOW,Dow Inc.,39.75,USD,0.8883248730964504,6899427,0.8995528772671723,27828644073,USD,26.647449219011865,1.4917,USD,-18.173340647284693,7.1066,Process industries,Neutral
SW,Smurfit WestRock plc,53.35,USD,2.0076481835564137,2760381,0.8370233843880496,27663169244,USD,,,,,3.10405,Process industries,Buy
ON,ON Semiconductor Corporation,64.51,USD,0.938820215928663,7368926,1.169830020514697,27468192752,USD,16.009033154655548,4.0296,USD,-18.730209950991267,0,Electronic technology,Buy
PPG,"PPG Industries, Inc.",115.07,USD,0.7000962632361926,2741630,1.4244911069519457,26696239929,USD,18.249726420630264,6.3053,USD,5.459198180267267,2.32782,Process industries,Buy
WBD,"Warner Bros. Discovery, Inc. - Series A",10.83,USD,2.4597918637653717,35200597,1.5853529152143726,26567777186,USD,,-4.5808,USD,-130.8405563394477,0,Consumer services,Buy
FTV,Fortive Corporation,76.52,USD,0.8168642951251519,2802903,1.0682270867936152,26548557724,USD,30.490914886834556,2.5096,USD,7.986230636833048,0.421607,Electronic technology,Buy
MTD,"Mettler-Toledo International, Inc.",1252.25,USD,1.1281777950059781,109548,1.045476929419714,26425816956.999996,USD,33.7657470123819,37.0864,USD,-5.468522983905919,0,Health technology,Neutral
EL,"Estee Lauder Companies, Inc. (The)",73.57,USD,1.9539911308203946,3308708,1.1260698650349634,26410013825,USD,131.37499999999997,0.56,USD,-63.13364055299539,3.22894,Consumer non-durables,Neutral
BR,"Broadridge Financial Solutions, Inc.",225.44,USD,-1.653361252890107,524948,1.1649605516379413,26351538990,USD,39.012909701311735,5.7786,USD,2.564739709980296,1.46578,Technology services,Neutral
SYF,Synchrony Financial,67.67,USD,1.332734351602277,3180969,1.002505184335428,26346932152.000004,USD,8.831667145206337,7.6622,USD,41.69841328549766,1.49745,Finance,Buy
EQR,Equity Residential,68.39,USD,-3.540197461212983,1654689,1.098912768445779,25949181487,USD,28.63303328448817,2.3885,USD,32.967767076768915,3.79055,Finance,Buy
DOV,Dover Corporation,188.03,USD,0,453637,0.6031984996794107,25796206107.000004,USD,16.826251923971796,11.1748,USD,53.57594414820516,1.09025,Producer manufacturing,Buy
TROW,"T. Rowe Price Group, Inc.",114.33,USD,-0.31388961548522054,1113142,0.8987955334672231,25399492567,USD,12.519436718424915,9.1322,USD,30.214452746249908,4.3247,Finance,Sell
VLTO,Veralto Corp,101.17,USD,0.3670634920634966,1180407,0.9555512633536769,25020128159,USD,31.210859170137283,3.2415,USD,-6.679142075716142,0.376984,Technology services,Buy
CHD,"Church & Dwight Company, Inc.",101.67,USD,-2.838302752293577,1515452,1.273561208424746,24908898230.999996,USD,45.66769977092036,2.2263,USD,26.984941820670777,1.08467,Consumer non-durables,Neutral
DTE,DTE Energy Company,119.67,USD,-1.5709820694193095,893390,0.8765411264670504,24783728566.000004,USD,16.208638647722502,7.3831,USD,22.198315099554772,3.41339,Utilities,Buy
TYL,"Tyler Technologies, Inc.",575.84,USD,-1.4259547734392262,215076,1.129953950945805,24645139947.999996,USD,105.3802796281385,5.4644,USD,47.467278369990574,0,Technology services,Buy
VTR,"Ventas, Inc.",56.9,USD,-2.418110101183337,2318508,0.6644861888662993,24518816679,USD,,-0.1679,USD,-1746.0784313725487,3.08695,Finance,Buy
NVR,"NVR, Inc.",7988.67,USD,-1.015166158649918,47144,2.0182802834086093,24476293355.000004,USD,16.33091742702912,489.1746,USD,2.9578991456913117,0,Consumer durables,Neutral
HAL,Halliburton Company,27.66,USD,-0.07225433526011406,7956469,0.9222742828786731,24299365578,USD,9.653102533677671,2.8654,USD,-1.4615358162247662,2.45665,Industrial services,Buy
WST,"West Pharmaceutical Services, Inc.",332.72,USD,-0.84634640600786,550150,0.9419957330666785,24096363722.000004,USD,49.354001335014466,6.7415,USD,-9.033868573741726,0.241388,Health technology,Buy
HBAN,Huntington Bancshares Incorporated,16.53,USD,0.48632218844985925,14773110,0.9214149197788389,24014973462,USD,16.051660516605168,1.0298,USD,-31.88702956544745,3.769,Finance,Buy
NTAP,"NetApp, Inc.",118,USD,0.9064477509834122,1212252,0.7982705626025165,23990158386,USD,21.652568031267776,5.4497,USD,69.25059784465356,1.74448,Electronic technology,Buy
LYB,LyondellBasell Industries NV,73.86,USD,1.4978700013741975,3073916,1.0380181321801945,23986537847,USD,11.24628854206319,6.5675,USD,-5.839593966852099,7.242,Process industries,Buy
CDW,CDW Corporation,179.29,USD,2.9042070825919777,1518719,1.5063031456913247,23892913965,USD,21.90149275610173,8.1862,USD,2.1079678690814583,1.42628,Technology services,Buy
CPAY,"Corpay, Inc.",342.37,USD,0.15211350007312616,509878,1.215893769366549,23866949004,USD,24.412800730166428,14.0242,USD,9.956642073653589,0,Commercial services,Buy
AWK,"American Water Works Company, Inc.",121.97,USD,-1.454310414478466,1044422,0.9736636249486446,23771208048.000004,USD,24.195596111882562,5.041,USD,4.715413377648532,2.42587,Utilities,Neutral
ADM,Archer-Daniels-Midland Company,49.63,USD,-0.8391608391608284,2304498,0.7371418613390333,23749620043,USD,14.158155987904378,3.5054,USD,-51.18439192858835,3.996,Process industries,Neutral
EXPE,"Expedia Group, Inc.",184.99,USD,-0.591111827610293,1346426,0.9488725168160163,23742813322.000004,USD,23.8475223018615,7.7572,USD,39.2525042185761,0,Consumer services,Buy
HUBB,Hubbell Inc,440.55,USD,2.2252645257100503,328763,1.0057383709120455,23644560720.000004,USD,31.72345757244081,13.8872,USD,8.37859773990136,1.15556,Producer manufacturing,Buy
PPL,PPL Corporation,31.73,USD,-1.6733808490858464,3867025,1.0950981689550257,23415786833,USD,28.536738915370083,1.1119,USD,5.996186844613936,3.19182,Utilities,Buy
AEE,Ameren Corporation,86.87,USD,-2.2284749577940235,1045831,0.700972646120783,23188018320,USD,20.44144292538297,4.2497,USD,-3.459791004089058,3.01632,Utilities,Buy
TER,"Teradyne, Inc.",140,USD,7.197549770290969,3888483,1.6656044474338976,22800605164,USD,44.533511467379206,3.1437,USD,2.9641032359491692,0.367534,Electronic technology,Buy
WDC,Western Digital Corporation,65.65,USD,2.466052754799458,6633215,1.1852038324600995,22695759289,USD,40.07447198144305,1.6382,USD,,0,Electronic technology,Buy
FE,FirstEnergy Corp.,39.27,USD,-1.6282565130260485,3010770,1.0822148962750235,22631969506,USD,25.364939930241572,1.5482,USD,69.88916931855591,4.22094,Utilities,Buy
WAT,Waters Corporation,377.1,USD,1.4364105874757993,346260,0.836535227927221,22390755926.999996,USD,35.983167778318496,10.4799,USD,-4.769736842105252,0,Health technology,Neutral
PHM,"PulteGroup, Inc.",108.93,USD,-1.0177192185370199,1540035,0.8186841811483645,22339602348.000004,USD,8.028685987204812,13.5676,USD,10.292240783644269,0.745116,Consumer durables,Buy
BIIB,Biogen Inc.,153.27,USD,0.6964062807962698,1319993,0.8219222522183923,22334404644.999996,USD,13.846404018320943,11.0693,USD,10.056871283978602,0,Health technology,Buy
PTC,PTC Inc.,184.83,USD,0.15714750189661889,818625,1.078698722691578,22245340993,USD,59.33356874578666,3.1151,USD,51.28454179010248,0,Technology services,Buy
DVN,Devon Energy Corporation,33.75,USD,-0.53050397877984,12625467,0.9978280398781669,22170375823.999996,USD,6.254633061527057,5.396,USD,-7.7228264587181075,4.2735,Energy minerals,Buy
CINF,Cincinnati Financial Corporation,141.75,USD,-0.24630541871920783,596886,0.8571251328654097,22157666737.000004,USD,7.2845469962485225,19.459,USD,84.06863672480986,2.28008,Finance,Buy
ROL,"Rollins, Inc.",45.65,USD,-1.1262724713017178,1021539,0.631496390871637,22108525048,USD,47.09098411388487,0.9694,USD,16.248950713514816,1.33203,Consumer services,Buy
FOXA,Fox Corporation,49.63,USD,0.6285482562854872,3114979,1.0309751369485114,22064729134,USD,12.127950735545673,4.0922,USD,100.8146039846894,1.07461,Consumer services,Buy
FOX,Fox Corporation,47.07,USD,0.7491438356164415,784313,0.7748111805682196,22064729134,USD,11.502370363129856,4.0922,USD,100.8146039846894,1.13442,Consumer services,Buy
WRB,W.R. Berkley Corporation,57.22,USD,-1.225617124115313,1958234,1.3105900624838496,21804775644,USD,14.675557835342396,3.899,USD,17.801679859810257,0.540877,Finance,Buy
LII,"Lennox International, Inc.",609.98,USD,-0.44556152176396957,364951,0.36944126299873925,21729487377,USD,28.973405341731148,21.0531,USD,38.888265834559284,0.742603,Producer manufacturing,Neutral
RF,Regions Financial Corporation,23.78,USD,0.677392040643523,10026493,1.1450195804594625,21612781064,USD,13.425167955738722,1.7713,USD,-26.57519482672856,4.14903,Finance,Buy
DRI,"Darden Restaurants, Inc.",183.96,USD,-2.0029831664180646,1670897,0.957932915910263,21550324192,USD,21.094636898414116,8.7207,USD,5.445993494794628,2.88728,Consumer services,Buy
SBAC,SBA Communications Corporation,198.93,USD,-1.4222001982160577,811172,0.8569453049935796,21389472721,USD,31.380436325777296,6.3393,USD,39.496963295484534,1.94252,Finance,Buy
SMCI,"Super Micro Computer, Inc.",36.45,USD,9.360936093609375,56469141,1.526125673109832,21343853685,USD,18.313822036878864,1.9903,USD,73.94686243663693,0,Electronic technology,Neutral
TDY,Teledyne Technologies Incorporated,455.51,USD,-0.9114639982597341,214298,0.9749206931236741,21227823978,USD,23.036969605016942,19.773,USD,19.969420630153444,0,Electronic technology,Strong buy
ATO,Atmos Energy Corporation,136.51,USD,-1.6427696519922195,946520,1.2689313450924296,21216641385,USD,19.954976684354396,6.8409,USD,11.480672707124704,2.36689,Utilities,Buy
IFF,"International Flavors & Fragrances, Inc.",82.11,USD,-0.4968492486669857,1893072,1.4225916394470783,20994076047.999996,USD,,-9.0955,USD,-5153.055555555555,1.93892,Consumer non-durables,Buy
WY,Weyerhaeuser Company,28.5,USD,0.4936530324400584,2886840,0.7487048723729786,20707586151,USD,38.97702407002188,0.7312,USD,-15.114929185047608,2.82087,Finance,Buy
ZBH,"Zimmer Biomet Holdings, Inc.",103.56,USD,-0.8710634631951724,1788525,1.1634621652076267,20616073461.000004,USD,19.72909641652855,5.2491,USD,132.63162559829817,0.918924,Health technology,Buy
ES,Eversource Energy (D/B/A),56.23,USD,-1.8844878729715675,1805956,0.8228140269244429,20602789893,USD,,-1.5748,USD,-147.1991607972426,4.9904,Utilities,Buy
FSLR,"First Solar, Inc.",191.27,USD,2.5961486885157985,2194793,1.3744694798917756,20476932786.000004,USD,16.47657770962907,11.6086,USD,163.04269011148372,0,Electronic technology,Buy
NTRS,Northern Trust Corporation,103.21,USD,-0.06777691711851994,969437,0.8946659218477219,20458130233,USD,12.84985059760956,8.032,USD,52.47930746449997,2.90473,Finance,Neutral
PKG,Packaging Corporation of America,227.08,USD,0.5312555339118191,794991,0.9181463812149975,20392907505.999996,USD,26.480397415863983,8.5754,USD,-1.3721002449768145,2.21356,Process industries,Buy
ZBRA,Zebra Technologies Corporation,395.33,USD,0.8855203388965371,304444,0.9357534000683578,20391131988,USD,53.652810010450175,7.3683,USD,-17.877244407788424,0,Electronic technology,Buy
LUV,Southwest Airlines Company,33.83,USD,0.6545670931270422,5035171,0.9593009941564455,20289112051.000004,USD,,-0.0721,USD,-109.8443473511742,2.14222,Transportation,Neutral
VRSN,"VeriSign, Inc.",210.68,USD,2.4608501118568245,1214185,1.5747134367436464,20246346974.999996,USD,24.5099293832963,8.5957,USD,22.575079143256435,0,Technology services,Buy
CNP,"CenterPoint Energy, Inc (Holding Co)",31.05,USD,-1.86472819216182,4165578,0.8907759932463528,20236130115.000004,USD,20.57381394116088,1.5092,USD,19.76827235933657,2.56005,Utilities,Neutral
STE,STERIS plc (Ireland),204.01,USD,-0.0538898687046902,507837,1.0543299534118937,20137281606,USD,46.59677493033667,4.3782,USD,-20.709201876233777,1.068,Health technology,Buy
ULTA,"Ulta Beauty, Inc.",431.3,USD,-0.011591515011014575,681793,0.9681601544755288,20000475729,USD,17.255451090218042,24.995,USD,1.4020625248484793,0,Retail trade,Buy
NRG,"NRG Energy, Inc.",98.72,USD,0.22335025380710544,4259305,1.380180612815934,19997352860,USD,23.908357753505605,4.1291,USD,,1.65482,Utilities,Buy
MKC,"McCormick & Company, Incorporated",74.13,USD,-2.2676334871456807,1967346,1.3340420753528655,19907371047,USD,25.219432537252498,2.9394,USD,22.623169663343205,2.25445,Consumer non-durables,Neutral
TSN,"Tyson Foods, Inc.",56.8,USD,-2.371949123410111,2620695,1.1678868516153407,19832951084.999996,USD,24.695652173913043,2.3,USD,,3.38604,Consumer non-durables,Neutral
LDOS,"Leidos Holdings, Inc.",148.24,USD,0.740740740740743,1399704,1.1394165865107528,19780124288,USD,16.890560018230502,8.7765,USD,740.5804041758453,1.04655,Electronic technology,Buy
CFG,"Citizens Financial Group, Inc.",44.8,USD,0.5385996409335612,4662604,1.2908554599711675,19743383452.999996,USD,17.62669184765502,2.5416,USD,-36.870342771982116,3.7702,Finance,Buy
CMS,CMS Energy Corporation,65.42,USD,-1.7865185407596424,1009721,0.6784870718210364,19546506407,USD,18.73585932353868,3.4917,USD,37.636485474397865,3.09263,Utilities,Buy
CLX,Clorox Company (The),157.59,USD,-3.2537295107127404,1745249,1.6284933546889018,19506697555,USD,55.1573273599104,2.8571,USD,314.97458242556286,2.97133,Consumer non-durables,Neutral
CTRA,Coterra Energy Inc.,26.24,USD,0,4051489,0.638730627305804,19324313621,USD,15.935867848900763,1.6466,USD,-43.116730576570966,3.20122,Energy minerals,Strong buy
LH,Labcorp Holdings Inc.,229.92,USD,0.33602443814094773,615691,1.3145855365293366,19230338354,USD,44.51586671571569,5.1649,USD,-30.91913436588824,1.25682,Health services,Buy
INVH,Invitation Homes Inc.,31.19,USD,-2.3175696836830517,2449569,0.7854701195638149,19107166801,USD,76.87946758688686,0.4057,USD,-25.586940572267057,3.53899,Finance,Buy
ERIE,Erie Indemnity Company,405.2,USD,-2.2908126356402216,97108,0.7220902754127325,18870313617,USD,38.175274632096624,10.6142,USD,39.57237534188934,1.2298,Finance,Buy
STX,Seagate Technology Holdings PLC,89.11,USD,-0.04486819966349551,2499351,1.0231723985135257,18849394810.000004,USD,23.299168540500965,3.8246,USD,,3.16321,Electronic technology,Buy
PODD,Insulet Corporation,268.41,USD,0.7923394667668094,538688,1.0803133720586273,18827559419,USD,45.64174942184737,5.8808,USD,250.77840739636144,0,Health technology,Buy
IP,International Paper Company,53.5,USD,1.229895931882684,3889293,1.3960846383533745,18586343765,USD,45.493197278911566,1.176,USD,-45.62101174512161,3.50047,Process industries,Buy
COO,"The Cooper Companies, Inc.",93.01,USD,1.3291208192613562,1231678,1.1503293538530277,18563180502,USD,47.55598731976685,1.9558,USD,32.497798252150936,0,Health technology,Buy
BBY,"Best Buy Co., Inc.",84.77,USD,1.3752690743841085,2804864,1.1343988490611778,18123453016.999996,USD,14.47921292658764,5.8546,USD,0.990133167736139,4.49653,Retail trade,Buy
STLD,"Steel Dynamics, Inc.",118.64,USD,4.851966416261595,2176741,1.474074965461436,18062346128,USD,10.738109245598949,11.0485,USD,-29.12403374282323,1.62616,Non-energy minerals,Neutral
L,Loews Corporation,82.37,USD,-2.3473621813870658,869264,0.9434826882805111,17938270127.999996,USD,10.949089458992423,7.523,USD,29.281160316887494,0.296384,Finance,
PFG,Principal Financial Group Inc,77.82,USD,-0.11551790527532205,1003713,0.9608715797454686,17799446402,USD,,-0.9237,USD,-115.21696154986655,3.65807,Finance,Neutral
JBHT,"J.B. Hunt Transport Services, Inc.",176.4,USD,0.32988283471733165,619937,0.9651425154387898,17786403633.000004,USD,32.041268572674106,5.5054,USD,-25.78823212239671,0.978273,Transportation,Buy
FDS,FactSet Research Systems Inc.,466.03,USD,-1.9008125289437188,299185,1.002746295149307,17703939996,USD,33.40094319338331,13.9526,USD,12.896074052497006,0.863049,Technology services,Neutral
SNA,Snap-On Incorporated,334.58,USD,-0.4433600142827414,365215,0.8439186627072824,17562038964,USD,17.222954330189843,19.4264,USD,5.495699018159703,2.29714,Consumer durables,Neutral
ESS,"Essex Property Trust, Inc.",272.79,USD,-4.0316622691292805,371728,0.9048433098364419,17531528211,USD,31.88549787850806,8.5553,USD,4.917650810002105,3.39842,Finance,Neutral
MAA,"Mid-America Apartment Communities, Inc.",149.77,USD,-3.411582613181989,617977,0.9160939384047692,17505161109,USD,33.80507403394728,4.4304,USD,-11.499970036555409,3.79208,Finance,Buy
TRMB,Trimble Inc.,71.1,USD,0.7510273487317574,1412048,1.3073356442390307,17363160775,USD,11.883670399465151,5.983,USD,345.9268092718193,0,Technology services,Buy
BF.B,Brown Forman Inc,36.84,USD,1.6275862068965612,5111843,1.8444207823102736,17336736772,USD,17.38391845979615,2.1192,USD,30.50064659153891,2.42731,Consumer non-durables,Neutral
KEY,KeyCorp,17.38,USD,0.5205320994794671,9835984,1.0144969226274965,17228498056,USD,1580,0.011,USD,-99.10801167693806,4.74263,Finance,Buy
ARE,"Alexandria Real Estate Equities, Inc.",97.73,USD,-1.442113755546584,1433990,1.0022421305272222,17079517045,USD,59.595097262028176,1.6399,USD,17.775064636598664,5.23397,Finance,Buy
MOH,Molina Healthcare Inc,298.31,USD,1.2971577982274418,361537,0.7575869333714428,17063332088,USD,15.145714865962631,19.696,USD,22.739452857231885,0,Health services,Buy
DGX,Quest Diagnostics Incorporated,152.27,USD,0.23038441284888284,779768,1.2294161310808773,16995644083,USD,20.441121194222198,7.4492,USD,11.752527828617724,1.94839,Health services,Buy
JBL,Jabil Inc.,152.02,USD,1.5769076573566843,1359287,0.8010208708800111,16979579736,USD,14.578758091584753,10.4275,USD,77.70714748287263,0.213818,Producer manufacturing,Buy
GEN,Gen Digital Inc.,27.43,USD,-0.2545454545454556,2985499,0.8656167210242063,16904986637,USD,27.958414025073896,0.9811,USD,-55.39643571558466,1.81818,Technology services,Buy
HRL,Hormel Foods Corporation,30.68,USD,-2.168367346938775,2071328,1.0442411882722304,16843717150,USD,20.91485445497307,1.4669,USD,1.4874775148747803,3.60332,Consumer non-durables,Neutral
BLDR,"Builders FirstSource, Inc.",145.65,USD,1.124765673817958,1142916,0.7298361713467099,16762126081,USD,14.235727620146024,10.2313,USD,-13.140960336864985,0,Retail trade,Buy
HOLX,"Hologic, Inc.",73.77,USD,0.7924579860636676,2262620,0.9618574150172307,16741453270.000002,USD,22.21452662009154,3.3208,USD,81.56369600874797,0,Health technology,Buy
OMC,Omnicom Group Inc.,85.1,USD,-0.9197811153801447,2429496,1.1891288724636506,16714583206.999998,USD,11.616161616161616,7.326,USD,6.414502353146235,3.25998,Commercial services,Buy
DG,Dollar General Corporation,75.85,USD,1.5802865943484568,3234794,0.9019492769419368,16681362070.999998,USD,12.491765480895914,6.072,USD,-30.086355785837654,3.16057,Retail trade,Neutral
NI,NiSource Inc,35.57,USD,-2.253366309425667,3428834,1.0253182744693705,16603326421,USD,21.612589622068295,1.6458,USD,10.212281524141154,2.91289,Utilities,Buy
J,Jacobs Solutions Inc.,132.87,USD,-0.695067264573996,696184,0.9993084201922928,16478152149.000002,USD,20.987868831743224,6.3308,USD,19.471598414795235,0.866966,Technology services,Buy
DLTR,"Dollar Tree, Inc.",76.61,USD,4.43020719738277,2879407,0.9067427975230369,16474109978.000002,USD,,-4.7714,USD,-190.66793349168645,0,Retail trade,Buy
PNR,Pentair plc.,99.52,USD,-1.5238472194735861,1150577,1.093505836868021,16443804030.000002,USD,24.921743921067787,3.9933,USD,30.041031652989442,0.91035,Producer manufacturing,Buy
MRNA,"Moderna, Inc.",42.57,USD,0.9246088193456629,8577629,1.025626379859251,16381694057,USD,,-5.8247,USD,37.61901191993403,0,Health technology,Neutral
ALGN,"Align Technology, Inc.",218.88,USD,5.099394987035439,913586,1.3608123530766358,16340062337,USD,37.31778425655976,5.8653,USD,24.399244946870567,0,Health technology,Buy
GPC,Genuine Parts Company,117.37,USD,0.4364196474413873,1076893,0.9030361465019427,16318712481.000002,USD,15.10378463241066,7.7709,USD,-12.197188827623613,3.4229,Distribution services,Buy
NWSA,News Corporation,27.44,USD,-0.3992740471869307,2189498,1.0595436491248922,16141557839.000002,USD,44.2652040651718,0.6199,USD,157.5405068550062,0.725953,Consumer services,Buy
NWS,News Corporation,30.27,USD,-0.7540983606557391,588729,1.0321714102077022,16141557838.999998,USD,48.83045652524601,0.6199,USD,157.5405068550062,0.655738,Consumer services,Strong buy
BALL,Ball Corporation,54.02,USD,-0.018508236165089783,2685667,1.292879792378005,16120970730.999998,USD,,-1.5663,USD,-181.63339761296712,1.48066,Process industries,Buy
IEX,IDEX Corporation,209.32,USD,1.1110037677518998,609746,1.4034041895025828,15850402705,USD,32.38743617515086,6.463,USD,-20.560000983320425,1.30905,Producer manufacturing,Buy
MAS,Masco Corporation,73.1,USD,1.2465373961218718,1339955,1.0849233662124733,15771243244.999998,USD,19.44200643634139,3.7599,USD,2.4272638117031757,1.60665,Producer manufacturing,Neutral
TPR,"Tapestry, Inc.",67.66,USD,1.3329339523738215,5163739,1.3049779438987807,15767199789,USD,19.577546296296294,3.456,USD,-11.960259839510892,2.09675,Retail trade,Buy
CF,"CF Industries Holdings, Inc.",89.76,USD,1.4122698000225964,1800315,1.05369873972172,15620029107,USD,14.220757616565537,6.3119,USD,-41.303761566001775,2.25963,Process industries,Neutral
EXPD,"Expeditors International of Washington, Inc.",111.11,USD,-0.15276779295471035,1078250,1.1411546675474873,15552719652,USD,21.66900694281925,5.1276,USD,-3.1267121346658815,1.31201,Transportation,Sell
EG,"Everest Group, Ltd.",361.67,USD,-0.9503204250424413,354447,1.1810376625752337,15544065157.000002,USD,5.656555861754006,63.9382,USD,18.565015103835403,2.12247,Finance,Buy
FFIV,"F5, Inc.",259.7,USD,2.099386696021377,485307,1.2347952287162463,15222280987,USD,27.186884971316108,9.5524,USD,45.52046676721052,0,Technology services,Neutral
BAX,Baxter International Inc.,29.66,USD,0.5423728813559326,4164217,0.8753010871475949,15144027706.999998,USD,129.35019624945485,0.2293,USD,,3.52542,Health technology,Neutral
AVY,Avery Dennison Corporation,188.04,USD,1.5938192230806572,823929,1.357353867605738,15108338897.000002,USD,22.583047102058465,8.3266,USD,40.17373152419109,1.86396,Process industries,Buy
RL,Ralph Lauren Corporation,242.96,USD,3.6120943323809116,967548,1.554158408350886,15091963190.000002,USD,23.138827249264295,10.5001,USD,34.18658146964856,1.37533,Consumer non-durables,Buy
KIM,Kimco Realty Corporation (HC),22.34,USD,-3.582218385843771,6972101,1.9477470505483043,15058979046,USD,41.555059523809526,0.5376,USD,-23.723041997729855,4.18645,Finance,Buy
LNT,Alliant Energy Corporation,57.31,USD,-1.7655125128556757,2018676,1.6628829116176327,14705701229,USD,22.248534492798637,2.5759,USD,-5.768949370793099,3.29105,Utilities,Neutral
DPZ,Domino's Pizza Inc,424.5,USD,-3.0998904309715085,590184,1.273710333325352,14660179152.000002,USD,26.076540328029978,16.279,USD,11.310923910070562,1.37874,Consumer services,Buy
SWKS,"Skyworks Solutions, Inc.",90.905,USD,2.312886888013514,1861510,0.799780848765068,14537586884,USD,24.59351243135027,3.6963,USD,-39.762393663831034,3.10636,Electronic technology,Neutral
APTV,Aptiv PLC,61.38,USD,1.404262349248309,2958450,0.7122817334820375,14426493732.000002,USD,6.853812139890125,8.9556,USD,12.051448876432618,0,Technology services,Buy
DOC,"Healthpeak Properties, Inc.",20.02,USD,-1.9588638589618124,5719046,1.4021861423786353,14283129050,USD,42.81437125748503,0.4676,USD,8.89613414066139,5.87659,Finance,Buy
VTRS,Viatris Inc.,11.95,USD,-2.6872964169381115,8953114,0.7919835057934408,14263434874.000002,USD,,-0.7388,USD,-148.98554568359634,3.90879,Health technology,Neutral
RVTY,"Revvity, Inc.",115.59,USD,1.7517605633802897,766072,1.23337217178197,14067550891.999998,USD,46.96680346186665,2.4611,USD,-58.64948418965691,0.246479,Health technology,Buy
AKAM,"Akamai Technologies, Inc.",93.39,USD,-0.18170158187259694,1519919,1.1267986648206942,14029698481,USD,27.665373107799862,3.3757,USD,1.8279991553799275,0,Technology services,Buy
TXT,Textron Inc.,75.41,USD,-0.4225538095866993,1684319,1.3635717453440497,13989429034,USD,16.523511109163415,4.5638,USD,-1.6443611129070643,0.105638,Electronic technology,Buy
EVRG,"Evergy, Inc.",60.27,USD,-2.079610073111282,1385703,0.8221433694610086,13860663616,USD,16.279509480849224,3.7022,USD,25.205451655449956,4.21608,Utilities,Buy
INCY,Incyte Corporation,71.91,USD,3.2744506678155982,1931684,1.1354658346392543,13853480420,USD,509.2776203966006,0.1412,USD,-92.49774188406568,0,Health technology,Buy
UDR,"UDR, Inc.",41.49,USD,-3.6908077994428883,3292854,1.6877486566862465,13690048196,USD,111.32277971558896,0.3727,USD,-72.69597069597069,3.93454,Finance,Buy
AMCR,Amcor plc,9.43,USD,1.071811361200425,20667043,1.4915768053714495,13629587399,USD,17.775683317624882,0.5305,USD,-18.99526645289358,5.38585,Process industries,Buy
EPAM,"EPAM Systems, Inc.",230.99,USD,0.11702496532594063,510658,1.1476925594098302,13102082065.000002,USD,30.001818370739816,7.6992,USD,-3.935318044568656,0,Technology services,Buy
REG,Regency Centers Corporation,71.08,USD,-2.6701355607284714,716020,0.6239620167631951,12979353718,USD,33.49985861061363,2.1218,USD,-0.333505566254868,3.71765,Finance,Buy
CAG,"ConAgra Brands, Inc.",26.89,USD,-2.7486437613019823,4625880,0.8563431860832218,12835147015,USD,26.27259404005862,1.0235,USD,-50.16554679131365,5.06329,Consumer non-durables,Neutral
SWK,"Stanley Black & Decker, Inc.",82.65,USD,2.340267459138188,1839529,1.2297499739446862,12741644867,USD,,-1.2385,USD,-423.45731191885034,4.03665,Consumer durables,Neutral
POOL,Pool Corporation,332.51,USD,-1.41133216710647,385828,1.0465079062843963,12653843566,USD,28.58260338854839,11.6333,USD,-15.830638217823218,1.39354,Distribution services,Neutral
JNPR,"Juniper Networks, Inc.",37.98,USD,0.07905138339919375,1975356,0.8906390060149906,12574761979.000002,USD,50.06591088847877,0.7586,USD,-32.03726930657588,2.31884,Technology services,Neutral
DVA,DaVita Inc.,151.53,USD,-0.8441303494306976,572965,0.808432194780567,12425459900,USD,16.335176740726364,9.2763,USD,45.410226667084686,0,Health services,Neutral
JKHY,"Jack Henry & Associates, Inc.",169.63,USD,-2.34312032239493,516897,1.2198332011780697,12376091114.000002,USD,31.027986098408636,5.467,USD,10.404297427198173,1.26655,Technology services,Neutral
KMX,CarMax Inc,79.75,USD,-0.3996503059822571,1901858,0.9110496247747355,12355216667.000002,USD,27.100040777490825,2.9428,USD,-6.181655880383835,0,Retail trade,Buy
CHRW,"C.H. Robinson Worldwide, Inc.",103.52,USD,-0.8808885484488719,929175,1.1044249264429882,12236601138,USD,35.81015635810156,2.8908,USD,-11.13980081150867,2.35542,Transportation,Neutral
CPT,Camden Property Trust,113.46,USD,-3.0836251815153326,861979,1.5034701879191656,12104062491,USD,35.92894011843313,3.1579,USD,51.58162530600491,3.51926,Finance,Neutral
HST,"Host Hotels & Resorts, Inc.",17.28,USD,-0.9742120343839435,6391650,0.948419449301964,12079225675,USD,16.912988156993247,1.0217,USD,-3.3030475108839608,4.58453,Finance,Buy
CPB,The Campbell's Company,40.5,USD,-2.970771442261624,2721964,1.0447130831433737,12073424744,USD,22.054018732302332,1.8364,USD,-30.707116444041954,3.54576,Consumer non-durables,Neutral
SOLV,Solventum Corporation,68.47,USD,2.0113230035756766,1002150,1.332980053383048,11828692111,USD,,,,,0,Health services,Neutral
NDSN,Nordson Corporation,206.96,USD,-0.28907303912121524,260448,0.6251795799826739,11800037029,USD,25.51848289807896,8.1102,USD,-4.132485401546122,1.35864,Producer manufacturing,Buy
TECH,Bio-Techne Corp,74.25,USD,0.6233907033473285,692664,0.973138601836092,11797716145.000002,USD,79.1324736225088,0.9383,USD,-38.447913933350826,0.433663,Health technology,Buy
DAY,"Dayforce, Inc.",73.74,USD,1.6822945394373952,1302833,1.1066198876505182,11628797438,USD,222.10843373493972,0.332,USD,1271.9008264462811,0,Technology services,Buy
SJM,The J.M. Smucker Company,109.16,USD,-2.1249887922532094,1350809,1.525137733426488,11616367657.999998,USD,22.049852543126086,4.9506,USD,,3.83753,Consumer non-durables,Neutral
PAYC,"Paycom Software, Inc.",207.03,USD,1.5549887177474675,573448,1.0568144080362774,11570130964,USD,24.924755002287448,8.3062,USD,42.12966923906162,0.735799,Technology services,Neutral
TAP,Molson Coors Beverage Company,55.96,USD,1.248416862674141,1805696,1.0513324068095422,11529764037,USD,12.622936028151223,4.4332,USD,282.56817397307555,3.18437,Consumer non-durables,Neutral
BXP,"BXP, Inc.",71.99,USD,-3.8980109464690984,1227695,1.1300348980350365,11382389136,USD,31.22397640527411,2.3056,USD,88.59713701431495,5.23295,Finance,Buy
NCLH,Norwegian Cruise Line Holdings Ltd.,25.64,USD,0.8654602675058962,9244136,1.0877634763486703,11274120094,USD,24.878711430234816,1.0306,USD,,0,Consumer services,Buy
ALLE,Allegion plc,129.12,USD,-0.8142571823628838,778239,1.159421218281765,11224308615,USD,19.832882772179897,6.5104,USD,3.1824521364270337,1.47488,Producer manufacturing,Neutral
BG,Bunge Limited,77.98,USD,0.905797101449279,928337,0.5533518925036831,10888122172,USD,9.855790498097852,7.9121,USD,-38.738076065411306,3.49702,Process industries,Buy
AIZ,"Assurant, Inc.",207.66,USD,-1.9778144913854132,337087,1.0501813509759805,10650336772.000002,USD,14.810746813685284,14.0209,USD,42.78774670550135,1.39722,Finance,Buy
UHS,"Universal Health Services, Inc.",181.06,USD,1.213035943876134,553268,1.0687007860707376,10630885292.000002,USD,12.043368365039244,15.034,USD,57.78757346767422,0.447202,Health services,Buy
ALB,Albemarle Corporation,90.19,USD,2.733796559972652,2319636,1.216435723492446,10600963246,USD,,-16.747,USD,-159.38252387250503,1.83392,Process industries,Buy
BEN,"Franklin Resources, Inc.",20,USD,-2.0088192062714363,5230457,1.4081866216782724,10479655762,USD,23.22071287588529,0.8613,USD,-49.9767684980834,6.12445,Finance,Sell
IPG,"Interpublic Group of Companies, Inc. (The)",27.99,USD,-0.4976892996800589,4902404,0.9440931829071206,10426693466.000002,USD,13.215297450424929,2.118,USD,-11.757353553870512,4.6925,Commercial services,Neutral
EMN,Eastman Chemical Company,88.65,USD,-0.02255554302469383,998769,0.8864412088316355,10275651283,USD,11.859690430641214,7.4749,USD,52.61750173547306,3.67655,Process industries,Buy
MGM,MGM Resorts International,33.94,USD,-0.4400117336462472,6038941,1.580560357175059,10105311432.000002,USD,12.136599320579295,2.7965,USD,-4.6376811594202945,0,Consumer services,Buy
AOS,A.O. Smith Corporation,68.9,USD,0.43731778425657636,1531321,1.581360136949507,10048812273,USD,18.174624109733582,3.791,USD,92.20239302372745,1.89504,Producer manufacturing,Neutral
CRL,"Charles River Laboratories International, Inc.",189.54,USD,2.0129171151775997,652113,1.269018848670038,9692351380,USD,23.40462313543416,8.0984,USD,-12.27427828630234,0,Commercial services,Neutral
ENPH,"Enphase Energy, Inc.",71.38,USD,-1.0672210672210813,3244619,1.126853292242755,9643910765,USD,162.78221208665906,0.4385,USD,-88.95688526241564,0,Electronic technology,Buy
LKQ,LKQ Corporation,36.76,USD,0.46460781634324844,1859326,0.8439932537770474,9556126606,USD,13.612798103984593,2.7004,USD,-23.953815826527737,3.27958,Consumer durables,Buy
GNRC,Generac Holdings Inc.,160.06,USD,0.7426988922457243,659872,0.9437893053650527,9523130847,USD,33.19231885861225,4.8222,USD,89.15038832666508,0,Producer manufacturing,Buy
PNW,Pinnacle West Capital Corporation,83.09,USD,-1.3768545994065242,1636585,1.8087127795028946,9447317750,USD,15.737636608140615,5.2797,USD,25.850972540045774,4.19585,Utilities,Buy
GL,Globe Life Inc.,111.2,USD,-0.27800197291722917,700380,0.8763179082880346,9334690496.999998,USD,9.41064960563285,11.8164,USD,26.405648267008974,0.847458,Finance,Buy
WYNN,"Wynn Resorts, Limited",84.61,USD,1.5482477196351492,2923728,1.6886398946523353,9291444842,USD,10.223414410169042,8.2761,USD,11981.897810218976,1.20019,Consumer services,Strong buy
AES,The AES Corporation,13.01,USD,-1.6628873771730963,12320274,1.133450506693548,9250461935,USD,9.04917576684983,1.4377,USD,,5.21542,Utilities,Buy
FRT,Federal Realty Investment Trust,106.54,USD,-2.8185715588798588,594317,0.9670400585251587,9118389327,USD,31.03498499810656,3.4329,USD,-0.26148348295999,3.98614,Finance,Buy
LW,"Lamb Weston Holdings, Inc.",63.05,USD,-3.784526171219295,3164523,0.8036744812108774,8993496108,USD,24.920948616600793,2.53,USD,-67.08472106577852,2.19747,Consumer non-durables,Buy
HSIC,"Henry Schein, Inc.",71.76,USD,3.864524533217545,1297663,1.2890068037103635,8947130161,USD,29.386952782669237,2.4419,USD,-27.31142465916533,0,Distribution services,Neutral
APA,APA Corporation,23.66,USD,1.0247651579846218,7644697,1.254782828368959,8752956581,USD,3.349424538852475,7.0639,USD,44.909430323917384,4.26986,Energy minerals,Neutral
MKTX,"MarketAxess Holdings, Inc.",222.34,USD,-1.8236411003664923,560924,1.6299756226057398,8383188325.999999,USD,30.09882225531339,7.387,USD,12.148539503248912,1.30702,Finance,Neutral
TFX,Teleflex Incorporated,180.49,USD,-0.6932599724896786,496991,1.0461589693653006,8382629663,USD,35.87343231371614,5.0313,USD,-41.078580630050354,0.748281,Health technology,Buy
MTCH,"Match Group, Inc.",33.38,USD,2.1419828641370953,3793433,0.9902014139443651,8381417962,USD,14.887828375183979,2.2421,USD,27.536973833902174,0,Technology services,Buy
WBA,"Walgreens Boots Alliance, Inc.",9.47,USD,-0.3157894736842038,21102758,1.299280430014728,8177228473.999999,USD,,-10.0087,USD,-180.6623482235495,10.5263,Retail trade,Neutral
MOS,Mosaic Company (The),25.39,USD,0.9542743538767474,6549979,1.5433090305756887,8065013826.000001,USD,22.385822606242282,1.1342,USD,-70.9082514684382,3.33996,Process industries,Neutral
HAS,"Hasbro, Inc.",56.89,USD,0.15845070422535812,1324726,0.7594124566307295,7936235646.000001,USD,,-4.6436,USD,-15.59007293455805,3.69718,Consumer durables,Buy
IVZ,Invesco Ltd,17.4,USD,-1.971830985915501,2707099,0.9179238576267053,7820254808.999999,USD,,-0.9208,USD,-170.65684468999385,4.59155,Finance,Neutral
PARA,Paramount Global,10.93,USD,2.436738519212744,7853195,0.9000987516652073,7761376249.000001,USD,,-8.8875,USD,-399.43804439449275,1.87441,Consumer services,Neutral
MHK,"Mohawk Industries, Inc.",117.77,USD,0.39212343363736574,840687,1.4203116320371305,7433791215.999999,USD,13.32134333254154,8.8407,USD,,0,Producer manufacturing,Buy
HII,"Huntington Ingalls Industries, Inc.",186.7,USD,-0.7337303275202168,493023,0.8124206567348342,7305449293,USD,10.540935755057333,17.7119,USD,33.50644847626011,2.79137,Electronic technology,Neutral
CE,Celanese Corporation,66.05,USD,-0.12097383940722561,3530050,1.4997827894927471,7220072312.999999,USD,6.636056745569263,9.9532,USD,-46.37168904502252,4.23408,Process industries,Neutral
CZR,"Caesars Entertainment, Inc.",33.39,USD,2.7068594278683564,4247033,0.8553035071360193,7094719664.999999,USD,,-1.6715,USD,-150.6407731693277,0,Consumer services,Buy
BWA,BorgWarner Inc.,32.08,USD,1.7766497461928894,1666598,0.7147324609006652,7015892387,USD,8.147301587301587,3.9375,USD,27.180232558139533,1.39594,Producer manufacturing,Buy
FMC,FMC Corporation,49.67,USD,2.349062435606842,1592700,0.9368767316807864,6200582975.999999,USD,4.284888585995393,11.5919,USD,195.1996536620149,4.78055,Process industries,Buy